datetime,open,high,low,close,volume
2021-08-04,25.0,50.0,25.0,35.799,19984.13356515
2021-08-05,35.72,38.3,35.58,37.35,33122.03414698
2021-08-06,37.388,40.444,35.71,39.535,28081.02777124
2021-08-07,39.402,40.96,37.5,39.333,27779.11963342
2021-08-08,39.45,39.517,36.846,37.715,14868.8506037
2021-08-09,37.714,39.974,36.384,38.767,34201.77059918
2021-08-10,38.687,41.66,38.266,40.7,33168.85721204
2021-08-11,40.69,43.9,40.69,41.7,36194.65760611
2021-08-12,41.701,43.373,39.4,41.136,24835.40441602
2021-08-13,41.136,46.875,40.724,44.949,39391.94458792
2021-08-14,44.839,44.914,42.768,44.278,28335.32271043
2021-08-15,44.209,54.6,43.584,54.19,105758.18799189
2021-08-16,54.073,70.1,52.4,62.207,185858.43141337
2021-08-17,62.207,77.0,58.758,64.256,261701.90845302
2021-08-18,64.01,80.538,59.72,72.752,328259.00510369
2021-08-19,72.591,75.43,68.29,72.842,165357.61341698
2021-08-20,72.738,79.98,70.918,78.726,94200.87507685
2021-08-21,78.643,81.895,72.68,73.876,77829.38242009
2021-08-22,73.964,77.54,71.263,72.629,57285.35644984
2021-08-23,72.748,76.72,71.574,75.63,61071.92905398
2021-08-24,75.71,79.396,68.592,70.587,114337.52955211
2021-08-25,70.5,72.74,66.135,71.993,76303.96843733
2021-08-26,72.0,78.637,66.278,74.714,133286.75439679
2021-08-27,74.99,88.948,72.206,88.041,237570.98241546
2021-08-28,87.916,98.222,85.558,96.009,154009.42647318
2021-08-29,96.105,97.8,90.143,94.267,138848.41960433
2021-08-30,94.248,118.996,93.653,110.145,317955.40541914
2021-08-31,110.369,130.499,103.102,108.234,494295.68203518
2021-09-01,108.235,119.681,105.98,110.784,260625.31145722
2021-09-02,110.722,133.682,108.962,128.23,308381.85277403
2021-09-03,128.277,148.982,128.118,146.287,416323.90703419
2021-09-04,146.274,150.614,135.823,138.976,227548.57721736
2021-09-05,138.976,145.0,134.77,142.059,213260.19571055
2021-09-06,142.065,166.076,137.011,164.276,301977.73408829
2021-09-07,164.244,195.5,132.0,173.434,793976.87138355
2021-09-08,173.44,198.0,146.512,191.2,602427.24452069
2021-09-09,190.977,215.755,180.721,187.852,591168.06430855
2021-09-10,187.958,197.268,168.025,179.433,372151.66962556
2021-09-11,179.491,193.425,175.291,179.208,290679.47105582
2021-09-12,179.133,181.635,170.172,174.327,169992.74144629
2021-09-13,174.277,174.949,150.359,169.624,396190.55223054
2021-09-14,169.624,171.927,142.5,158.743,351995.37179855
2021-09-15,158.778,166.443,153.75,158.739,240014.00046983
2021-09-16,158.823,163.068,147.392,152.17,223193.95422881
2021-09-17,152.257,153.469,133.908,147.491,397191.31585817
2021-09-18,147.532,171.501,144.134,169.3,543431.3317506
2021-09-19,169.312,170.914,150.696,152.778,212570.11003993
2021-09-20,152.872,153.387,130.219,132.738,456032.30163452
2021-09-21,132.754,144.84,115.926,124.223,439508.22556278
2021-09-22,124.261,151.489,122.149,148.156,375669.86064524
2021-09-23,148.02,152.42,143.0,149.969,242858.38008795
2021-09-24,149.876,151.26,128.1,139.16,260716.35179062
2021-09-25,139.171,144.14,133.467,136.002,117126.0892282
2021-09-26,136.019,140.722,124.689,135.708,165609.19891352
2021-09-27,135.615,148.932,133.732,136.428,218948.89256492
2021-09-28,136.291,139.348,128.065,132.158,167904.71788666
2021-09-29,132.115,140.131,131.166,135.267,179552.81248116
2021-09-30,135.271,142.891,134.056,141.457,145437.43373587
2021-10-01,141.427,164.999,138.275,161.713,300953.36389722
2021-10-02,161.612,174.933,156.171,168.991,204713.94042815
2021-10-03,169.009,177.792,165.515,173.0,179767.7862882
2021-10-04,172.999,172.999,162.101,167.033,202507.71627264
2021-10-05,167.116,170.097,160.0,164.587,191567.69342169
2021-10-06,164.649,165.433,150.151,153.845,229128.94272675
2021-10-07,153.882,161.45,150.403,154.307,202277.47465957
2021-10-08,154.367,168.9,152.425,158.791,247827.61887481
2021-10-09,158.808,161.477,154.027,156.852,104887.42700383
2021-10-10,156.834,158.457,145.524,147.684,139681.20535195
2021-10-11,147.576,153.952,140.292,144.953,169741.60508287
2021-10-12,144.876,153.426,137.604,152.403,240974.74575778
2021-10-13,152.335,155.503,144.2,147.972,135943.73216546
2021-10-14,148.034,155.726,147.309,150.065,151552.92827666
2021-10-15,149.991,165.37,146.755,163.188,286921.93072582
2021-10-16,163.225,164.75,156.383,157.498,124113.53246019
2021-10-17,157.582,167.55,152.985,160.112,178298.05181729
2021-10-18,160.113,162.89,154.889,157.263,136553.88530234
2021-10-19,157.146,159.403,153.045,155.804,101025.8506503
2021-10-20,155.854,176.82,155.132,176.82,218552.46340128
2021-10-21,176.777,194.38,176.777,190.476,415249.98108634
2021-10-22,190.504,215.062,188.104,196.169,434099.52261764
2021-10-23,196.273,205.735,192.1,197.756,196789.51585255
2021-10-24,197.748,204.944,185.194,202.38,226797.65376697
2021-10-25,202.233,218.948,198.129,209.687,265717.60902598
2021-10-26,209.771,214.164,196.383,199.799,170927.12873261
2021-10-27,199.859,205.488,181.2,184.27,285328.17015253
2021-10-28,184.4,201.408,181.539,195.547,202085.03856844
2021-10-29,195.415,205.135,194.503,200.387,183056.74887322
2021-10-30,200.365,200.599,187.307,195.704,126657.69819913
2021-10-31,195.775,205.0,185.462,202.583,153413.99650918
2021-11-01,202.578,211.553,197.761,203.925,186581.89712579
2021-11-02,203.925,222.292,200.9,220.967,183575.41127113
2021-11-03,220.878,246.465,215.83,243.437,348809.25033336
2021-11-04,243.527,250.499,234.163,246.878,246341.59210318
2021-11-05,247.018,248.391,230.432,236.056,171013.50897038
2021-11-06,236.086,259.8,234.781,258.483,192802.87257041
2021-11-07,258.507,258.662,245.784,249.444,166947.04023086
2021-11-08,249.534,253.058,240.58,248.247,226367.32182948
2021-11-09,248.249,252.996,237.5,238.983,198997.90833913
2021-11-10,238.983,247.95,216.712,233.204,332081.63814152
2021-11-11,233.204,246.353,229.5,233.425,206444.31220568
2021-11-12,233.358,239.0,220.914,228.541,208749.43430259
2021-11-13,228.45,241.867,224.89,241.621,159359.52960781
2021-11-14,241.536,242.0,230.283,238.777,113574.06517909
2021-11-15,238.637,246.359,234.51,238.104,128182.3700204
2021-11-16,238.126,238.156,212.2,219.146,225879.71106701
2021-11-17,219.109,222.268,209.85,218.879,210815.59463346
2021-11-18,218.93,222.732,186.52,195.164,313356.37592874
2021-11-19,195.182,219.572,189.2,215.203,314003.53942823
2021-11-20,215.276,221.1,205.995,217.621,192300.86633785
2021-11-21,217.645,235.4,210.548,230.417,220842.23639337
2021-11-22,230.613,231.857,211.601,215.599,268880.82595826
2021-11-23,215.611,226.0,211.007,221.819,191598.06962347
2021-11-24,221.887,222.457,200.0,205.756,238363.82556603
2021-11-25,205.75,216.352,201.926,210.016,232313.34940597
2021-11-26,210.024,210.49,182.791,192.401,297266.52701796
2021-11-27,192.331,199.415,190.61,193.029,155351.85096765
2021-11-28,192.966,201.925,181.0,200.77,215039.43645172
2021-11-29,200.687,212.803,199.776,204.07,224256.72713176
2021-11-30,204.094,218.258,199.519,208.286,241094.68948056
2021-12-01,208.495,232.388,207.852,229.74,311123.11179959
2021-12-02,229.788,243.125,220.114,233.679,374162.49593218
2021-12-03,233.625,239.424,201.5,211.609,419077.11692666
2021-12-04,211.504,212.549,151.0,200.72,520322.20877756
2021-12-05,200.769,204.488,181.188,196.238,299655.56483152
2021-12-06,196.525,197.56,175.071,193.639,413477.24796263
2021-12-07,193.564,204.004,187.884,190.286,252292.65351058
2021-12-08,190.172,196.137,183.324,194.541,189801.99652324
2021-12-09,194.588,196.559,178.55,181.203,190312.88028741
2021-12-10,181.197,184.544,167.124,167.421,207823.58270074
2021-12-11,167.442,173.735,161.384,172.048,190071.30549413
2021-12-12,172.116,176.884,167.556,172.748,131959.21517196
2021-12-13,172.827,172.827,148.0,155.073,281679.82015232
2021-12-14,155.191,163.227,149.569,161.24,204449.06856781
2021-12-15,161.215,182.565,156.75,178.432,343581.64845207
2021-12-16,178.432,189.0,174.249,176.793,248246.16236716
2021-12-17,176.841,182.4,168.036,175.408,224537.51021084
2021-12-18,175.538,184.2,170.985,182.824,142930.51226973
2021-12-19,182.83,189.315,178.237,179.88,139131.65617707
2021-12-20,179.92,181.279,168.495,173.938,182211.51295359
2021-12-21,173.993,182.464,170.307,179.641,177879.00941065
2021-12-22,179.703,187.592,177.0,178.367,222184.31243764
2021-12-23,178.419,193.582,175.55,190.166,247368.97381479
2021-12-24,190.171,197.498,183.884,190.336,281879.5685409
2021-12-25,190.339,195.099,189.15,192.958,165950.23973474
2021-12-26,192.958,200.569,190.153,197.789,212914.95004215
2021-12-27,197.893,204.879,194.671,195.618,245030.96129207
2021-12-28,195.693,195.693,176.217,177.276,371232.04735781
2021-12-29,177.276,180.568,170.07,170.476,231661.58416721
2021-12-30,170.639,175.743,168.184,172.551,177838.48214394
2021-12-31,172.559,177.604,167.631,169.865,161579.7643087
2022-01-01,169.958,179.214,169.931,179.072,113801.32984411
2022-01-02,179.069,179.499,174.307,176.296,130007.28280767
2022-01-03,176.296,176.414,166.597,170.05,157781.84537383
2022-01-04,170.146,173.828,166.305,167.75,182925.07720358
2022-01-05,167.694,171.357,143.866,154.48,266636.34689683
2022-01-06,154.448,154.804,146.219,150.233,238712.48765785
2022-01-07,150.283,150.732,133.0,136.381,338530.80854488
2022-01-08,136.402,148.09,133.0,142.144,358374.58581141
2022-01-09,142.162,145.7,137.529,140.746,218206.24349258
2022-01-10,140.782,143.588,130.0,135.815,214238.02874017
2022-01-11,135.801,143.444,133.255,140.12,183783.34142523
2022-01-12,140.121,153.27,138.202,151.397,307340.85640057
2022-01-13,151.388,157.788,145.513,146.144,331699.5406954
2022-01-14,146.185,150.571,141.901,146.102,255185.79315326
2022-01-15,146.102,149.502,143.894,147.603,168698.00544515
2022-01-16,147.6,151.967,146.086,147.917,163986.36675163
2022-01-17,147.975,148.256,137.039,139.828,221030.81157214
2022-01-18,139.821,142.672,134.353,141.24,212564.70209133
2022-01-19,141.319,142.647,132.723,135.224,248698.24693558
2022-01-20,135.276,143.791,126.101,127.5,241840.67322101
2022-01-21,127.481,128.765,106.093,112.309,671659.34770493
2022-01-22,112.216,114.2,87.527,94.601,699290.74299992
2022-01-23,94.621,104.709,93.201,99.761,502534.98050151
2022-01-24,99.742,99.874,80.81,91.909,780039.35771555
2022-01-25,91.928,99.951,87.873,94.59,521296.63855248
2022-01-26,94.671,104.6,89.201,92.112,649535.48822749
2022-01-27,92.071,94.573,85.644,89.545,554907.2805191
2022-01-28,89.512,93.511,87.209,91.362,468271.94093984
2022-01-29,91.362,98.887,90.5,96.182,331417.61950767
2022-01-30,96.179,97.706,91.391,93.295,214564.29802182
2022-01-31,93.293,101.39,89.202,99.53,393298.42994235
2022-02-01,99.513,113.614,99.045,110.021,807187.39201593
2022-02-02,110.021,112.324,96.986,101.869,797865.13247967
2022-02-03,101.868,103.089,94.024,101.924,614233.96469325
2022-02-04,101.941,112.866,100.313,112.628,606323.89387247
2022-02-05,112.628,118.602,110.239,113.7,412204.75213362
2022-02-06,113.729,116.065,111.32,115.227,234206.55694992
2022-02-07,115.281,121.955,112.744,117.53,459777.07969573
2022-02-08,117.583,120.336,109.547,113.41,523569.73790418
2022-02-09,113.399,117.06,109.361,113.982,347582.46630887
2022-02-10,113.996,114.889,105.553,106.106,433989.57231371
2022-02-11,106.13,108.203,95.136,96.536,392162.7240758
2022-02-12,96.499,99.8,92.875,95.959,273314.98071899
2022-02-13,95.954,97.371,91.321,92.879,187387.6620771
2022-02-14,92.87,97.922,90.734,96.376,270310.05928425
2022-02-15,96.433,105.751,96.39,105.485,333166.25919232
2022-02-16,105.575,105.575,98.12,101.877,254812.92709862
2022-02-17,101.865,102.805,92.311,93.503,274807.17629651
2022-02-18,93.544,96.337,89.291,89.894,197749.09003464
2022-02-19,89.894,92.743,88.611,91.264,211989.35155068
2022-02-20,91.285,93.981,85.645,90.707,300872.04996648
2022-02-21,90.651,96.112,82.7,82.972,431695.57688687
2022-02-22,82.978,87.536,81.02,86.378,348769.25510609
2022-02-23,86.385,93.335,84.326,84.55,452806.28490681
2022-02-24,84.549,93.879,75.178,89.335,1082817.04968602
2022-02-25,89.351,95.0,86.802,92.738,432589.56433168
2022-02-26,92.75,95.108,89.264,90.196,291170.02752906
2022-02-27,90.239,92.189,84.033,85.6,298407.74200343
2022-02-28,85.664,102.6,84.201,99.695,437858.65014244
2022-03-01,99.699,102.0,94.269,98.633,418157.34265489
2022-03-02,98.685,106.444,96.776,100.696,450894.72583099
2022-03-03,100.743,101.739,94.0,95.646,279517.87168015
2022-03-04,95.625,96.0,86.923,88.304,280747.05019819
2022-03-05,88.322,91.206,85.95,89.623,171914.10665901
2022-03-06,89.654,89.924,84.066,84.562,160531.60603931
2022-03-07,84.576,86.709,79.887,81.665,291122.23413769
2022-03-08,81.665,85.032,81.299,82.339,266564.50457469
2022-03-09,82.321,89.9,81.924,88.078,476429.29828912
2022-03-10,88.08,88.599,80.592,82.883,289519.03213945
2022-03-11,82.892,84.302,80.065,80.68,241614.43200842
2022-03-12,80.702,82.751,80.54,81.387,128929.38078303
2022-03-13,81.405,83.35,77.724,78.696,150965.62407227
2022-03-14,78.742,82.278,78.0,81.23,211318.00610839
2022-03-15,81.235,85.989,78.705,82.838,236262.63236545
2022-03-16,82.813,87.985,81.549,87.797,322282.73615921
2022-03-17,87.78,90.98,86.55,87.807,283413.87255296
2022-03-18,87.805,92.277,84.423,89.774,289820.46283475
2022-03-19,89.779,94.557,89.268,92.379,304543.04986363
2022-03-20,92.309,92.542,87.879,88.633,217078.06130826
2022-03-21,88.629,91.256,86.751,88.55,226006.81563795
2022-03-22,88.547,93.97,87.952,90.431,299660.30650175
2022-03-23,90.428,96.301,89.198,94.887,315930.72924513
2022-03-24,94.888,103.708,93.435,102.296,458674.2016989
2022-03-25,102.277,104.817,97.097,98.639,403666.23799117
2022-03-26,98.611,103.381,97.636,101.766,240130.02272066
2022-03-27,101.8,107.445,98.769,107.075,286999.00287804
2022-03-28,107.05,114.061,105.21,105.755,582228.47614068
2022-03-29,105.678,115.68,105.466,111.631,557667.33722563
2022-03-30,111.625,125.197,107.0,120.786,692923.88512243
2022-03-31,120.777,129.529,119.916,122.846,798475.19845418
2022-04-01,122.828,138.413,117.452,134.413,966548.8673056
2022-04-02,134.456,143.504,131.535,132.542,618159.40246338
2022-04-03,132.444,141.169,130.515,136.908,649219.3604965
2022-04-04,136.947,138.242,125.772,132.07,634566.82899248
2022-04-05,132.122,136.652,126.061,126.833,515606.71187653
2022-04-06,126.916,127.437,112.01,112.99,817673.76577913
2022-04-07,112.957,119.998,110.849,118.508,625822.59995255
2022-04-08,118.478,122.441,108.137,110.004,625403.91978826
2022-04-09,110.003,113.713,108.297,113.021,321527.03701911
2022-04-10,113.02,116.0,109.787,110.966,313928.41433022
2022-04-11,111.052,111.96,98.038,99.664,709868.36592466
2022-04-12,99.665,109.311,98.379,103.288,666330.1539628
2022-04-13,103.305,106.148,100.04,104.956,486003.48086591
2022-04-14,104.923,107.82,98.789,100.784,432737.59896998
2022-04-15,100.767,103.0,99.541,101.291,315747.63259117
2022-04-16,101.388,103.464,100.657,102.108,238907.88617085
2022-04-17,102.108,105.452,99.623,100.151,281051.65707471
2022-04-18,100.179,102.64,94.707,102.375,529678.68676812
2022-04-19,102.381,108.804,101.065,108.525,475197.00988728
2022-04-20,108.522,110.974,104.0,105.608,388295.193792
2022-04-21,105.609,109.967,99.594,101.758,489097.92260614
2022-04-22,101.787,103.55,99.228,100.584,347308.02269307
2022-04-23,100.584,102.915,98.283,100.641,227043.22781835
2022-04-24,100.601,102.255,98.576,99.204,237273.09586708
2022-04-25,99.228,101.59,94.336,100.956,509987.3616575
2022-04-26,100.967,102.0,94.609,95.766,430250.89582974
2022-04-27,95.736,100.85,94.911,98.375,360762.67980325
2022-04-28,98.351,100.546,96.25,98.231,361145.80806743
2022-04-29,98.23,98.665,92.33,93.953,382206.00435206
2022-04-30,93.953,94.954,81.84,84.617,405292.30401223
2022-05-01,84.602,93.1,84.1,89.749,488390.74438948
2022-05-02,89.688,90.856,85.104,87.479,353845.39081262
2022-05-03,87.48,88.815,84.63,85.857,313553.84359414
2022-05-04,85.884,93.094,85.475,92.789,351869.25751696
2022-05-05,92.799,95.252,81.276,84.521,533547.98618333
2022-05-06,84.513,84.85,79.903,81.719,461733.00295658
2022-05-07,81.691,82.329,77.028,78.833,394848.88049616
2022-05-08,78.842,79.352,73.68,75.388,502507.37088307
2022-05-09,75.407,77.21,61.709,62.134,1099842.36314756
2022-05-10,62.134,74.062,60.114,66.871,1192924.58757166
2022-05-11,66.901,68.459,43.308,50.876,2102847.49752255
2022-05-12,50.911,54.548,37.496,44.733,2062726.39442832
2022-05-13,44.733,56.483,43.869,48.933,921944.82947763
2022-05-14,48.908,53.9,45.924,52.443,630854.29356603
2022-05-15,52.443,59.348,49.632,58.844,569553.65310162
2022-05-16,58.803,58.807,51.918,53.783,712816.77919263
2022-05-17,53.796,58.852,53.025,57.046,712358.2481387
2022-05-18,57.043,57.861,49.356,49.932,931511.75568805
2022-05-19,49.93,54.099,48.191,52.199,1200246.31768715
2022-05-20,52.21,53.678,47.8,49.424,906704.58472309
2022-05-21,49.433,51.221,48.422,50.33,508223.19994032
2022-05-22,50.312,53.5,49.7,52.47,450958.5801762
2022-05-23,52.45,54.681,48.605,49.16,827843.83450425
2022-05-24,49.171,50.848,47.086,49.686,783405.01773019
2022-05-25,49.677,50.558,47.564,47.973,809784.89606657
2022-05-26,47.97,48.654,41.651,43.45,1293421.68977373
2022-05-27,43.44,43.947,39.965,41.185,1314696.55222546
2022-05-28,41.185,45.077,40.333,44.255,624740.82244021
2022-05-29,44.256,45.637,41.8,45.004,715081.89560778
2022-05-30,45.007,48.5,44.272,47.211,1013711.74943066
2022-05-31,47.222,48.273,44.568,45.783,927848.52537319
2022-06-01,45.781,46.127,39.525,40.121,1035223.75267094
2022-06-02,40.113,41.675,38.132,40.861,1000348.34740238
2022-06-03,40.855,41.554,37.66,38.264,814374.91330656
2022-06-04,38.266,39.549,35.67,39.008,712446.19855483
2022-06-05,39.015,40.225,37.851,38.535,647448.97538369
2022-06-06,38.537,44.83,38.359,42.387,1282747.19349417
2022-06-07,42.373,42.749,37.164,39.283,1392011.29189749
2022-06-08,39.288,40.953,38.293,38.812,830654.70132978
2022-06-09,38.821,41.935,38.42,39.94,971878.80836912
2022-06-10,39.949,40.879,36.766,37.136,907518.98471946
2022-06-11,37.146,37.914,33.147,33.911,780104.29677834
2022-06-12,33.92,34.517,30.554,30.589,1109509.65772864
2022-06-13,30.589,31.124,26.032,28.596,2502700.86756089
2022-06-14,28.595,32.26,25.843,29.557,1848816.75487536
2022-06-15,29.574,34.924,26.741,34.746,2060923.40679207
2022-06-16,34.736,36.093,29.527,30.102,1948102.2279922
2022-06-17,30.107,32.116,29.245,30.706,1448661.85843944
2022-06-18,30.724,32.026,27.136,31.972,1500576.75997892
2022-06-19,31.984,35.477,28.702,34.197,1728523.49239914
2022-06-20,34.193,36.889,31.736,35.255,1784992.62704588
2022-06-21,35.253,39.161,34.216,36.41,1790807.08239556
2022-06-22,36.429,36.88,33.644,34.135,1538289.0069667
2022-06-23,34.148,38.648,33.917,38.152,1412159.75575593
2022-06-24,38.157,42.919,37.668,41.904,1310589.31132201
2022-06-25,41.889,42.63,39.743,42.218,944481.19302711
2022-06-26,42.225,42.496,39.136,39.393,847411.58254905
2022-06-27,39.384,41.279,37.91,38.509,926079.65388041
2022-06-28,38.513,39.92,35.076,35.333,1246892.19822014
2022-06-29,35.327,36.12,33.105,34.057,1391556.50547462
2022-06-30,34.059,34.206,30.833,33.775,1427914.62803885
2022-07-01,33.773,35.424,31.828,32.838,1053598.25069559
2022-07-02,32.851,34.15,31.873,33.362,713452.68382926
2022-07-03,33.367,33.692,32.046,33.403,588295.94238165
2022-07-04,33.396,36.941,32.449,36.725,704492.06780426
2022-07-05,36.716,36.99,33.115,35.387,1233643.15230422
2022-07-06,35.394,37.642,34.81,37.057,1180546.48046142
2022-07-07,37.049,39.27,36.399,38.442,1001122.78367021
2022-07-08,38.46,39.7,36.471,38.137,1242076.11286041
2022-07-09,38.127,38.954,37.773,38.065,499863.20432805
2022-07-10,38.063,38.142,36.279,36.711,485691.88394706
2022-07-11,36.715,36.741,33.252,33.436,880669.07975097
2022-07-12,33.43,34.602,32.598,32.685,830211.7603709
2022-07-13,32.683,35.091,31.841,34.959,1018070.99947169
2022-07-14,34.939,37.335,33.58,37.157,779718.11507396
2022-07-15,37.138,39.269,36.525,37.367,795818.37657567
2022-07-16,37.367,40.4,36.347,39.586,636468.61259666
2022-07-17,39.596,41.091,38.158,38.618,559909.19850736
2022-07-18,38.618,44.094,38.563,43.529,1015727.17827911
2022-07-19,43.529,47.35,42.539,44.871,1483949.89368047
2022-07-20,44.866,46.3,41.266,42.045,1022536.65651352
2022-07-21,42.033,44.07,39.658,43.096,837394.55469621
2022-07-22,43.102,44.317,40.025,40.521,673231.95510089
2022-07-23,40.527,41.926,38.626,39.964,510571.44317395
2022-07-24,39.968,42.096,39.486,40.931,397947.16558795
2022-07-25,40.931,41.094,36.564,36.658,713780.49986195
2022-07-26,36.658,36.845,34.676,36.255,767541.37945125
2022-07-27,36.255,40.56,35.678,40.23,818864.85154835
2022-07-28,40.228,44.159,38.963,42.91,955618.08241284
2022-07-29,42.92,44.424,41.106,41.918,891335.18481902
2022-07-30,41.926,46.651,41.438,43.839,886827.11176576
2022-07-31,43.847,45.196,42.208,42.361,651970.81242069
2022-08-01,42.338,43.245,40.5,41.632,572856.51077235
2022-08-02,41.628,42.447,39.5,39.758,649913.88067576
2022-08-03,39.771,40.97,37.445,38.549,1310346.17281127
2022-08-04,38.549,39.847,37.939,38.834,594101.21290919
2022-08-05,38.835,41.338,38.702,40.568,640271.94137054
2022-08-06,40.571,40.9,39.858,40.062,325566.83888778
2022-08-07,40.06,41.583,39.188,40.62,331769.17165186
2022-08-08,40.611,43.736,40.557,42.207,542824.22757165
2022-08-09,42.181,42.76,39.703,40.336,408634.56435434
2022-08-10,40.334,42.867,39.136,42.461,709606.02395665
2022-08-11,42.463,45.329,42.345,42.772,855757.2117272
2022-08-12,42.776,45.495,42.12,45.467,513587.40270577
2022-08-13,45.477,48.362,45.269,46.592,761008.39392822
2022-08-14,46.595,48.107,44.477,44.858,519626.14633303
2022-08-15,44.85,47.252,42.674,43.717,622052.77561687
2022-08-16,43.708,44.3,42.538,43.083,464764.27645798
2022-08-17,43.081,44.737,40.177,40.542,596549.79421857
2022-08-18,40.541,41.652,39.301,39.521,442738.94999337
2022-08-19,39.51,39.57,35.001,35.822,956414.14059034
2022-08-20,35.823,37.265,34.174,35.29,709791.76864696
2022-08-21,35.29,37.061,34.52,36.473,458387.13014372
2022-08-22,36.477,36.563,33.75,35.425,663306.12718009
2022-08-23,35.423,36.106,34.251,35.665,418844.35612083
2022-08-24,35.688,36.405,34.317,34.88,483818.29791414
2022-08-25,34.88,36.501,34.864,35.268,363736.56305961
2022-08-26,35.27,35.798,31.37,31.729,787749.459236
2022-08-27,31.723,32.25,30.867,31.513,473944.74507541
2022-08-28,31.526,32.2,30.2,30.428,357086.74654153
2022-08-29,30.421,32.639,30.0,32.421,513901.9180111
2022-08-30,32.419,33.153,30.62,31.468,599929.29253283
2022-08-31,31.476,32.957,31.185,31.506,585710.42204292
2022-09-01,31.505,31.78,30.254,31.621,421196.91393735
2022-09-02,31.623,32.381,30.78,31.229,467333.41365521
2022-09-03,31.227,31.3,30.778,31.126,184292.15403386
2022-09-04,31.126,32.203,31.03,32.165,263873.66930146
2022-09-05,32.165,32.505,31.15,32.159,269600.69581466
2022-09-06,32.17,33.874,30.397,30.883,778150.68532177
2022-09-07,30.883,32.948,30.308,32.695,584926.61689006
2022-09-08,32.696,33.969,31.997,33.605,799606.09697559
2022-09-09,33.61,35.954,33.594,34.68,665740.90159534
2022-09-10,34.681,35.401,34.263,35.041,280626.90409344
2022-09-11,35.039,36.021,34.055,35.01,312068.36390991
2022-09-12,35.001,38.38,34.409,37.443,764152.72977776
2022-09-13,37.441,38.999,32.92,32.981,978068.08677185
2022-09-14,32.983,34.352,32.653,34.117,466150.89865914
2022-09-15,34.123,34.849,32.393,33.065,613515.17374505
2022-09-16,33.084,33.257,31.502,32.248,396379.34306964
2022-09-17,32.247,33.893,32.229,33.678,267404.08096264
2022-09-18,33.694,33.988,30.811,31.091,362716.71359789
2022-09-19,31.097,33.083,30.5,32.629,534714.10572331
2022-09-20,32.632,32.88,31.284,31.415,273033.85222606
2022-09-21,31.419,33.49,30.0,30.649,618346.01981851
2022-09-22,30.653,32.882,30.58,32.408,398149.65700065
2022-09-23,32.415,33.963,31.212,33.656,471676.84728767
2022-09-24,33.66,34.88,33.146,33.373,375763.72400399
2022-09-25,33.376,34.042,31.864,32.333,279566.22132321
2022-09-26,32.327,33.951,31.866,33.876,407185.26161303
2022-09-27,33.888,35.417,32.085,32.683,542780.83892718
2022-09-28,32.692,33.812,31.64,33.222,468320.50704107
2022-09-29,33.226,34.42,32.643,33.928,534554.9652737
2022-09-30,33.928,35.207,32.623,33.244,613487.64513428
2022-10-01,33.244,33.244,32.333,32.439,228267.1015
2022-10-02,32.44,33.01,31.895,32.064,277685.1344857
2022-10-03,32.064,33.261,31.735,32.895,350391.2882672
2022-10-04,32.896,34.391,32.839,34.101,367410.78396528
2022-10-05,34.102,34.371,33.189,34.04,325539.66407478
2022-10-06,34.041,34.5,33.226,33.353,425691.22635718
2022-10-07,33.352,33.762,32.432,32.98,296164.30421133
2022-10-08,32.973,33.077,32.35,32.578,126865.67172644
2022-10-09,32.583,33.123,32.454,32.917,133696.3887
2022-10-10,32.918,33.461,31.882,31.951,256998.98189411
2022-10-11,31.95,31.95,30.416,30.799,407078.61595921
2022-10-12,30.796,31.534,30.678,31.149,212703.4375
2022-10-13,31.151,31.215,27.885,30.491,1078222.11172934
2022-10-14,30.49,31.973,29.635,29.994,588572.10723415
2022-10-15,29.994,30.202,29.432,29.601,263023.95713183
2022-10-16,29.601,30.531,29.567,30.158,219860.6973
2022-10-17,30.158,31.287,29.828,31.21,386689.35066742
2022-10-18,31.209,31.48,29.732,30.144,427223.7702
2022-10-19,30.139,30.265,28.605,28.848,567042.87766472
2022-10-20,28.85,29.471,27.987,28.006,536416.82903142
2022-10-21,28.008,28.273,26.831,28.098,645591.3149973
2022-10-22,28.102,28.23,27.485,28.005,207913.8505
2022-10-23,28.005,29.459,27.731,29.268,523894.70964306
2022-10-24,29.269,29.5,28.163,28.311,480058.9298
2022-10-25,28.311,32.327,28.057,30.861,1211781.41646299
2022-10-26,30.861,32.171,30.622,31.284,1013648.40403928
2022-10-27,31.284,32.353,30.457,30.574,854590.38824206
2022-10-28,30.586,32.542,30.106,32.06,707653.59232526
2022-10-29,32.059,33.84,31.859,32.868,668433.7984
2022-10-30,32.868,33.539,31.936,32.934,466961.14101666
2022-10-31,32.934,34.394,32.212,32.56,670123.3450279
2022-11-01,32.563,33.396,32.15,32.206,372222.6043
2022-11-02,32.21,32.949,30.213,30.81,740567.62366459
2022-11-03,30.806,32.245,30.609,30.849,480469.86319039
2022-11-04,30.844,34.197,30.651,33.726,676483.04112124
2022-11-05,33.737,38.782,33.658,36.899,1317627.61620668
2022-11-06,36.9,37.058,32.303,32.614,875661.14964639
2022-11-07,32.609,33.135,28.098,29.622,1454569.82715789
2022-11-08,29.622,31.729,20.0,24.368,3942908.81444292
2022-11-09,24.37,24.37,12.334,14.091,4654400.51415997
2022-11-10,14.059,19.057,13.18,17.651,3124543.17049797
2022-11-11,17.648,18.28,15.1,16.461,1513406.38883382
2022-11-12,16.439,16.517,14.459,14.562,702428.35198128
2022-11-13,14.566,14.736,13.03,13.184,907613.98116967
2022-11-14,13.181,14.983,12.07,14.007,1296907.19956438
2022-11-15,14.005,15.1,13.82,14.328,806802.29442357
2022-11-16,14.326,14.61,13.597,14.28,604160.92857396
2022-11-17,14.27,14.506,12.915,13.65,776784.18688598
2022-11-18,13.648,13.873,13.0,13.267,484243.767
2022-11-19,13.267,13.271,12.583,12.85,476612.88595237
2022-11-20,12.847,13.581,12.1,12.267,776825.91730838
2022-11-21,12.266,12.311,11.261,11.841,910911.96111149
2022-11-22,11.843,12.506,10.95,12.451,880227.1222
2022-11-23,12.451,14.5,12.397,14.35,1143776.13497887
2022-11-24,14.348,14.94,13.839,14.594,703510.79571462
2022-11-25,14.6,14.601,13.894,14.023,420087.15370342
2022-11-26,14.023,14.96,13.931,14.164,484600.10045799
2022-11-27,14.169,14.443,14.046,14.118,247283.3268
2022-11-28,14.117,14.18,12.769,13.332,705634.38079456
2022-11-29,13.332,13.957,13.134,13.347,366500.759067
2022-11-30,13.345,14.325,13.235,14.159,538100.53904199
2022-12-01,14.174,14.196,13.391,13.506,334072.39603732
2022-12-02,13.506,13.821,13.33,13.714,355406.5372
2022-12-03,13.714,13.775,13.231,13.305,251327.0748
2022-12-04,13.311,13.748,13.29,13.705,226663.1429
2022-12-05,13.705,14.212,13.599,13.822,592142.56706023
2022-12-06,13.818,14.384,13.817,14.311,312358.86976393
2022-12-07,14.31,14.383,13.42,13.496,365706.18922779
2022-12-08,13.502,13.777,13.268,13.69,267310.34015393
2022-12-09,13.688,14.022,13.517,13.591,260066.080932
2022-12-10,13.59,13.737,13.547,13.571,134120.81338267
2022-12-11,13.572,13.792,13.361,13.428,182705.43251318
2022-12-12,13.427,13.499,12.821,13.326,285191.9872
2022-12-13,13.325,14.165,12.77,13.89,392958.33485432
2022-12-14,13.888,14.944,13.81,14.117,562957.05354074
2022-12-15,14.119,14.548,13.83,14.036,349497.73039391
2022-12-16,14.037,14.17,12.0,12.247,568728.44618954
2022-12-17,12.251,12.556,11.84,12.504,298933.00024649
2022-12-18,12.504,12.597,12.253,12.383,169751.7157
2022-12-19,12.382,12.591,11.67,11.938,309585.39355745
2022-12-20,11.935,12.483,11.824,12.268,229641.404
2022-12-21,12.265,12.285,11.9,12.138,145628.4299
2022-12-22,12.137,12.18,11.682,11.82,204684.3806
2022-12-23,11.818,12.109,11.715,11.791,161123.7841
2022-12-24,11.79,11.804,11.1,11.443,376872.80172995
2022-12-25,11.443,11.555,11.241,11.379,162749.43081952
2022-12-26,11.379,11.5,11.027,11.324,259654.333
2022-12-27,11.336,11.428,10.708,11.086,353240.69197052
2022-12-28,11.09,11.122,9.4,9.761,887502.974386
2022-12-29,9.761,10.913,8.0,9.642,1931115.62854201
2022-12-30,9.642,10.255,9.005,9.904,2504881.75870562
2022-12-31,9.903,10.2,9.634,9.976,871574.25466902
2023-01-01,9.973,10.081,9.7,9.986,517780.44915486
2023-01-02,9.985,11.963,9.814,11.274,1145492.89506783
2023-01-03,11.274,13.89,11.018,13.375,2016043.61388755
2023-01-04,13.372,14.2,12.82,13.437,1745051.01214458
2023-01-05,13.432,13.88,12.944,13.447,866644.3105
2023-01-06,13.442,13.592,12.7,13.498,788141.5186263
2023-01-07,13.505,13.505,13.02,13.099,377428.33521063
2023-01-08,13.105,14.85,12.858,14.453,822785.00385049
2023-01-09,14.452,17.49,14.173,16.263,2408576.24989043
2023-01-10,16.254,16.75,15.52,16.197,1273526.27380725
2023-01-11,16.2,16.601,15.291,16.38,1134881.00889946
2023-01-12,16.379,16.999,15.453,16.592,1609783.48513895
2023-01-13,16.591,18.615,16.316,18.303,1688260.85570913
2023-01-14,18.303,24.76,18.21,24.239,4819115.31688433
2023-01-15,24.244,25.0,21.972,22.893,1825605.94097461
2023-01-16,22.893,25.0,22.25,23.576,1959740.97917998
2023-01-17,23.581,23.939,22.696,22.857,1091751.60237262
2023-01-18,22.86,23.641,20.276,20.786,2057423.67583555
2023-01-19,20.789,21.87,20.421,21.412,1094610.76170403
2023-01-20,21.411,25.739,20.933,25.497,1863675.3317467
2023-01-21,25.497,26.541,24.306,24.56,2099639.35406767
2023-01-22,24.562,25.455,23.465,24.205,1249718.36785609
2023-01-23,24.207,24.929,23.7,24.326,1147527.46854254
2023-01-24,24.331,25.229,22.156,22.775,1090053.89612194
2023-01-25,22.779,25.425,22.091,24.517,1846567.37869339
2023-01-26,24.53,25.238,23.747,24.344,1038450.55460051
2023-01-27,24.34,24.954,23.237,24.432,996886.06639309
2023-01-28,24.428,25.245,23.706,24.023,620011.62609407
2023-01-29,24.022,26.782,23.725,26.061,1226087.24031527
2023-01-30,26.064,26.312,23.081,23.966,1459533.83853153
2023-01-31,23.965,24.465,23.5,23.924,839124.91332192
2023-02-01,23.93,25.226,22.482,25.008,1520411.86230344
2023-02-02,25.009,26.143,24.035,24.303,1209962.95376353
2023-02-03,24.317,25.095,24.039,24.686,804443.21376879
2023-02-04,24.688,24.945,24.166,24.335,452852.5847
2023-02-05,24.335,24.464,23.001,23.464,739927.39782053
2023-02-06,23.472,23.723,22.506,22.67,678386.6294
2023-02-07,22.664,23.953,22.552,23.833,906652.18771525
2023-02-08,23.834,24.235,22.797,23.213,893236.20094519
2023-02-09,23.219,23.346,19.952,20.484,1539814.2133724
2023-02-10,20.484,21.196,19.623,20.113,1146246.91243082
2023-02-11,20.106,20.908,20.102,20.811,418183.98688
2023-02-12,20.811,22.529,20.625,21.492,906384.67519588
2023-02-13,21.504,21.61,19.716,20.76,1141718.18615051
2023-02-14,20.76,22.378,20.668,21.848,1458634.60465274
2023-02-15,21.847,23.988,21.412,23.869,1269719.47832631
2023-02-16,23.864,24.193,22.193,22.24,1551737.25155025
2023-02-17,22.242,23.556,22.02,23.147,1057201.5493
2023-02-18,23.146,23.913,22.923,23.449,511395.33590373
2023-02-19,23.453,25.618,23.19,24.826,1451227.79681556
2023-02-20,24.827,27.137,24.111,26.282,1976892.48015957
2023-02-21,26.283,26.647,24.465,24.978,1124942.80718028
2023-02-22,24.978,25.233,23.217,24.156,1471503.72038348
2023-02-23,24.16,24.697,23.6,23.914,784542.57906499
2023-02-24,23.914,24.125,22.4,23.076,882437.52316138
2023-02-25,23.071,23.324,21.402,22.375,627284.7153005
2023-02-26,22.366,23.529,22.219,23.262,454816.7683
2023-02-27,23.258,23.398,22.324,22.676,571722.01458492
2023-02-28,22.676,22.749,21.757,21.885,531177.95740124
2023-03-01,21.885,22.92,21.557,22.533,451099.89188715
2023-03-02,22.512,22.663,21.664,21.999,395125.76592251
2023-03-03,21.999,22.013,20.31,21.412,740670.50350052
2023-03-04,21.413,21.634,20.206,20.985,487949.91237199
2023-03-05,20.985,21.71,20.846,20.971,381416.45237227
2023-03-06,20.971,21.178,20.365,20.624,432068.9768
2023-03-07,20.629,20.96,19.709,20.24,517532.5709628
2023-03-08,20.242,20.388,18.1,18.426,948345.88445574
2023-03-09,18.426,18.776,16.694,17.334,1286594.80343354
2023-03-10,17.336,18.357,16.0,18.172,1724417.31010727
2023-03-11,18.172,18.894,16.944,18.076,1829353.69594312
2023-03-12,18.076,20.592,17.708,20.211,1371620.91235451
2023-03-13,20.197,21.407,18.778,20.406,2148833.3966912
2023-03-14,20.411,22.1,19.755,20.865,1813498.88203862
2023-03-15,20.858,21.46,18.711,19.24,1495071.91591944
2023-03-16,19.242,19.906,18.87,19.68,917555.1834
2023-03-17,19.679,21.683,19.427,21.596,1186833.01145482
2023-03-18,21.594,22.959,21.05,21.2,1856353.4941088
2023-03-19,21.197,22.43,21.195,21.856,782862.64403177
2023-03-20,21.857,23.9,21.362,22.129,1864273.93560393
2023-03-21,22.128,23.341,21.528,22.532,1170798.08015219
2023-03-22,22.53,23.088,20.959,21.412,1228281.49198816
2023-03-23,21.411,22.767,21.08,22.16,683657.07759868
2023-03-24,22.169,22.269,20.269,20.658,672854.85495433
2023-03-25,20.671,20.976,20.102,20.414,404461.94925662
2023-03-26,20.409,21.139,20.286,20.942,372477.75508355
2023-03-27,20.949,20.985,19.3,19.897,654249.13277884
2023-03-28,19.902,20.872,19.606,20.448,550882.60538038
2023-03-29,20.459,21.552,20.431,21.098,441524.486
2023-03-30,21.101,21.674,20.15,20.55,720237.75329194
2023-03-31,20.552,21.489,20.03,21.168,563254.2969
2023-04-01,21.162,21.349,20.743,21.076,355796.55732103
2023-04-02,21.083,21.309,20.24,20.516,389427.35579601
2023-04-03,20.515,20.993,19.972,20.45,755585.20055356
2023-04-04,20.452,21.259,20.288,20.917,501441.7797
2023-04-05,20.915,21.341,20.568,20.964,504205.50059848
2023-04-06,20.965,20.986,20.393,20.62,452653.73169593
2023-04-07,20.62,20.777,20.236,20.445,280724.2955
2023-04-08,20.445,20.731,19.865,20.036,257325.2879
2023-04-09,20.036,20.447,19.872,20.286,244778.3513
2023-04-10,20.289,20.957,20.076,20.895,332474.37395493
2023-04-11,20.895,23.678,20.827,22.986,1422829.13424168
2023-04-12,22.993,24.47,22.31,23.797,1896647.2466368
2023-04-13,23.812,25.272,23.635,24.426,1044226.88195234
2023-04-14,24.434,25.49,23.745,24.717,1209569.03186374
2023-04-15,24.713,24.794,23.809,24.053,545135.22785569
2023-04-16,24.053,25.532,23.824,25.35,725858.502
2023-04-17,25.337,26.003,24.256,24.581,1304263.0064765
2023-04-18,24.586,25.45,23.902,24.82,888892.38593818
2023-04-19,24.826,24.979,21.671,22.668,1497852.68106751
2023-04-20,22.66,23.172,21.594,22.196,845959.22289961
2023-04-21,22.199,22.41,21.0,21.257,714553.2673
2023-04-22,21.257,21.992,21.056,21.795,388971.5572
2023-04-23,21.798,22.249,20.933,21.472,563378.7671
2023-04-24,21.478,22.007,21.009,21.383,584175.1855
2023-04-25,21.389,21.959,20.73,21.927,586332.48351034
2023-04-26,21.932,22.97,20.301,21.278,1173495.18014304
2023-04-27,21.278,22.526,21.18,22.328,749885.4505
2023-04-28,22.33,23.518,22.169,23.341,752276.23157127
2023-04-29,23.341,23.886,22.78,23.187,537229.5017
2023-04-30,23.187,23.994,22.5,22.709,570332.70762816
2023-05-01,22.715,22.882,21.536,21.96,718750.88585173
2023-05-02,21.959,22.388,21.752,22.255,502592.56388549
2023-05-03,22.254,22.3,21.15,22.237,918905.78352854
2023-05-04,22.241,22.485,21.615,21.736,424935.769
2023-05-05,21.738,23.064,21.483,22.815,672532.75165128
2023-05-06,22.817,23.298,21.548,21.921,587961.8551
2023-05-07,21.92,22.776,21.661,21.68,443415.47736062
2023-05-08,21.67,21.813,19.969,20.633,989154.8674
2023-05-09,20.634,20.997,20.402,20.659,436703.0441
2023-05-10,20.662,21.308,19.883,20.925,734127.0103
2023-05-11,20.924,20.933,19.728,20.178,594407.68438462
2023-05-12,20.179,20.944,19.802,20.912,657909.8881
2023-05-13,20.913,21.29,20.771,20.836,308019.7148
2023-05-14,20.838,21.273,20.624,20.929,220543.8715
2023-05-15,20.925,21.517,20.598,20.988,358909.42720886
2023-05-16,20.98,21.133,20.441,20.67,316432.8147
2023-05-17,20.675,21.228,20.429,21.048,293579.28859752
2023-05-18,21.057,21.091,20.082,20.338,269351.7309
2023-05-19,20.341,20.589,20.22,20.356,151888.8391
2023-05-20,20.353,20.364,20.1,20.27,101404.0781
2023-05-21,20.272,20.39,19.316,19.614,276993.58183187
2023-05-22,19.615,20.029,19.278,19.524,235650.99771765
2023-05-23,19.524,20.17,19.401,20.031,328740.5812
2023-05-24,20.031,20.07,18.605,19.208,354395.32245492
2023-05-25,19.214,19.594,18.764,19.256,249595.062
2023-05-26,19.256,19.552,19.085,19.356,157340.8964
2023-05-27,19.357,20.534,19.333,20.429,213862.24820546
2023-05-28,20.429,21.191,20.273,20.8,370437.3037
2023-05-29,20.807,20.984,20.267,20.579,376446.882
2023-05-30,20.579,21.407,20.466,21.257,510791.44
2023-05-31,21.257,21.328,20.371,20.818,345148.6669
2023-06-01,20.816,20.979,20.405,20.494,325687.81968174
2023-06-02,20.497,21.365,20.3,21.252,389493.8356
2023-06-03,21.254,21.357,20.948,21.19,184315.8385
2023-06-04,21.191,22.294,21.029,21.825,408369.9529
2023-06-05,21.822,22.054,19.221,20.0,962181.00616787
2023-06-06,20.004,20.694,19.237,20.384,840450.6393
2023-06-07,20.387,20.53,18.512,18.633,703081.34800422
2023-06-08,18.636,19.11,18.231,18.887,476415.4022618
2023-06-09,18.885,19.369,17.116,17.391,842665.90114026
2023-06-10,17.393,17.424,12.699,15.621,2775770.29047566
2023-06-11,15.621,16.183,15.112,15.546,918427.26414889
2023-06-12,15.548,15.699,14.736,15.188,984420.32459918
2023-06-13,15.192,16.0,14.77,15.038,1019679.47910884
2023-06-14,15.032,15.369,14.029,14.488,788814.47500358
2023-06-15,14.486,15.063,14.173,14.774,959831.43009151
2023-06-16,14.774,15.464,14.394,15.309,719796.3622
2023-06-17,15.31,16.13,15.164,15.642,585100.3507
2023-06-18,15.644,15.835,15.279,15.446,388157.15135997
2023-06-19,15.445,16.15,15.334,16.108,490574.3605
2023-06-20,16.108,16.693,15.728,16.642,674962.76960158
2023-06-21,16.645,17.403,16.557,17.236,1020421.2215052
2023-06-22,17.233,17.75,16.574,16.628,860808.49110864
2023-06-23,16.626,17.528,16.175,17.135,1051117.84596247
2023-06-24,17.14,17.534,16.377,16.642,713968.5267
2023-06-25,16.647,17.381,16.569,16.963,735452.51439161
2023-06-26,16.96,17.119,15.91,16.273,981792.15428656
2023-06-27,16.277,16.935,16.134,16.626,832598.66207374
2023-06-28,16.625,16.647,15.551,15.973,846620.4442
2023-06-29,15.972,18.274,15.866,17.992,1273028.5761
2023-06-30,18.001,20.01,16.959,18.855,2089873.55680201
2023-07-01,18.857,19.007,17.91,18.699,577803.99737224
2023-07-02,18.694,19.737,18.53,19.459,864856.7056
2023-07-03,19.46,19.657,18.822,19.265,596456.45296736
2023-07-04,19.265,19.94,19.063,19.142,564120.84038664
2023-07-05,19.142,19.381,18.35,18.996,469738.7815
2023-07-06,18.995,20.978,18.82,19.601,1603564.09705866
2023-07-07,19.6,21.84,19.27,21.495,1494039.17785077
2023-07-08,21.498,22.475,21.321,21.821,921387.1894
2023-07-09,21.821,22.374,21.001,21.335,611959.8394
2023-07-10,21.327,21.801,20.5,21.303,871210.50549216
2023-07-11,21.295,22.365,21.21,22.078,728210.3809999
2023-07-12,22.064,22.816,21.746,21.945,994042.0844
2023-07-13,21.941,26.808,21.422,26.019,2115489.72787481
2023-07-14,26.011,32.235,25.232,26.667,2792153.97838455
2023-07-15,26.673,29.1,26.464,27.459,1029381.25913107
2023-07-16,27.46,28.655,26.449,27.418,587202.60839455
2023-07-17,27.408,28.477,25.6,26.803,836731.4656
2023-07-18,26.807,27.09,24.762,25.567,706968.6117825
2023-07-19,25.555,26.986,25.358,26.313,588270.14345685
2023-07-20,26.307,27.374,25.039,25.399,624420.19782031
2023-07-21,25.377,25.997,25.067,25.502,394481.86174213
2023-07-22,25.508,25.965,23.998,24.522,413038.11743183
2023-07-23,24.514,25.253,24.155,24.762,427036.4974
2023-07-24,24.762,24.842,22.872,23.36,602249.0221
2023-07-25,23.365,23.586,22.733,23.273,387286.92743278
2023-07-26,23.293,25.675,23.177,25.177,598227.1653
2023-07-27,25.174,25.664,24.671,25.106,497177.29585763
2023-07-28,25.094,25.555,24.541,24.806,336667.28784691
2023-07-29,24.81,25.389,24.743,25.156,200941.3022
2023-07-30,25.164,25.209,23.509,24.25,361379.2063824
2023-07-31,24.247,24.779,23.532,23.72,323545.01340578
2023-08-01,23.726,24.069,22.82,24.042,481001.2802
2023-08-02,24.06,24.288,22.817,23.149,518403.60533559
2023-08-03,23.143,23.391,22.463,22.642,463157.21769691
2023-08-04,22.642,23.567,22.481,22.801,431323.65411842
2023-08-05,22.799,22.939,22.223,22.659,250678.87722767
2023-08-06,22.675,23.467,22.584,23.205,357488.7922145
2023-08-07,23.197,23.67,22.326,23.116,390636.03713391
2023-08-08,23.116,24.786,23.022,24.219,524375.45804907
2023-08-09,24.215,24.989,24.092,24.384,476015.89746553
2023-08-10,24.382,24.897,24.133,24.623,365770.9129
2023-08-11,24.623,24.927,24.35,24.625,257466.29
2023-08-12,24.63,25.24,24.395,24.915,233388.92
2023-08-13,24.915,24.952,24.219,24.229,273120.76947436
2023-08-14,24.224,25.297,24.057,25.175,343176.90149564
2023-08-15,25.189,25.403,23.731,23.901,564117.7833
2023-08-16,23.901,24.023,22.37,22.817,585436.5965
2023-08-17,22.819,23.429,19.51,21.67,919546.55077102
2023-08-18,21.669,22.195,20.896,21.343,490710.7717
2023-08-19,21.34,22.173,21.295,21.894,270936.82418594
2023-08-20,21.892,22.025,21.576,21.777,190965.4187
2023-08-21,21.774,21.786,20.309,21.199,384060.8393
2023-08-22,21.203,21.267,19.294,20.589,404716.8962
2023-08-23,20.588,21.816,20.355,21.733,512324.41540253
2023-08-24,21.73,22.011,20.668,21.054,303608.43347209
2023-08-25,21.054,21.054,20.094,20.419,309587.2213
2023-08-26,20.419,20.438,20.195,20.287,126166.35903146
2023-08-27,20.284,20.92,20.249,20.795,223831.1114014
2023-08-28,20.791,20.792,20.031,20.558,279389.90954906
2023-08-29,20.569,22.055,20.119,21.794,518342.05233256
2023-08-30,21.793,21.987,20.598,20.823,247412.50664976
2023-08-31,20.817,21.065,19.427,19.721,305712.18855955
2023-09-01,19.73,19.929,19.019,19.326,344574.57434961
2023-09-02,19.328,19.694,19.13,19.494,197272.99376431
2023-09-03,19.493,19.661,19.231,19.57,196742.60258582
2023-09-04,19.57,20.034,19.167,19.527,276446.7576815
2023-09-05,19.526,20.619,19.033,20.271,412846.67810566
2023-09-06,20.27,20.388,19.146,19.633,365185.9318
2023-09-07,19.634,19.992,19.329,19.914,273700.98413694
2023-09-08,19.919,20.289,19.366,19.608,244406.69035615
2023-09-09,19.611,19.611,19.375,19.44,87893.63418495
2023-09-10,19.441,19.441,17.782,18.232,518472.59027641
2023-09-11,18.232,18.459,17.348,17.727,518717.97922188
2023-09-12,17.726,18.796,17.568,17.92,487265.50150039
2023-09-13,17.918,18.576,17.693,18.401,508711.90807769
2023-09-14,18.403,19.324,18.384,18.84,402612.03699188
2023-09-15,18.85,19.5,18.557,19.142,245116.6104189
2023-09-16,19.149,19.458,18.867,19.125,145943.85635182
2023-09-17,19.125,19.136,18.63,18.813,154444.0995
2023-09-18,18.816,20.158,18.589,19.651,415347.40189699
2023-09-19,19.645,20.4,19.575,20.029,270364.29176945
2023-09-20,20.031,20.53,19.8,20.293,235245.61832569
2023-09-21,20.29,20.291,19.285,19.455,269040.46995316
2023-09-22,19.454,19.801,19.153,19.428,172284.67362892
2023-09-23,19.426,19.573,19.289,19.481,75856.05605229
2023-09-24,19.478,19.67,19.176,19.365,98554.8676573
2023-09-25,19.36,19.737,19.081,19.396,138562.7026
2023-09-26,19.396,19.52,18.843,19.029,149555.1981
2023-09-27,19.028,19.475,18.727,19.139,268977.73423046
2023-09-28,19.134,19.989,19.101,19.961,262237.54926977
2023-09-29,19.963,20.463,19.849,20.276,216354.97373122
2023-09-30,20.275,21.805,20.081,21.362,295689.86046659
2023-10-01,21.361,24.502,21.139,23.876,686023.3628642
2023-10-02,23.877,24.781,22.908,23.375,583399.58786839
2023-10-03,23.379,24.775,23.214,23.608,448044.96311701
2023-10-04,23.61,23.855,22.574,23.136,439082.03219106
2023-10-05,23.129,23.759,22.515,22.685,343081.88304758
2023-10-06,22.702,23.785,22.671,23.406,354666.14046845
2023-10-07,23.405,24.214,23.081,23.297,259481.7031264
2023-10-08,23.297,23.63,23.062,23.227,163994.9837
2023-10-09,23.222,23.366,21.59,22.089,390751.79510265
2023-10-10,22.095,22.501,21.69,22.116,342566.39028408
2023-10-11,22.114,22.423,21.629,22.022,410702.2453
2023-10-12,22.012,22.05,20.928,21.289,339044.13520315
2023-10-13,21.289,22.209,21.121,21.845,226548.82158285
2023-10-14,21.845,22.3,21.803,21.995,135788.3214
2023-10-15,21.991,22.172,21.664,21.925,147569.30303119
2023-10-16,21.93,24.809,21.892,23.953,624150.9082083
2023-10-17,23.953,24.6,23.466,23.937,426464.35428809
2023-10-18,23.933,24.42,23.366,23.416,312575.58321826
2023-10-19,23.414,25.7,23.113,24.924,574119.34161014
2023-10-20,24.924,27.507,24.731,27.024,781479.69986323
2023-10-21,27.024,30.352,26.657,29.325,854166.77231228
2023-10-22,29.317,30.018,28.099,29.035,400350.87881495
2023-10-23,29.043,32.845,28.745,31.883,1074149.75893443
2023-10-24,31.878,32.617,29.503,30.183,1226745.42140369
2023-10-25,30.177,33.9,29.995,32.441,1105170.69682506
2023-10-26,32.437,33.27,30.724,32.782,641544.56959167
2023-10-27,32.78,33.368,31.225,31.728,457451.73845976
2023-10-28,31.736,32.51,31.341,31.624,217174.735
2023-10-29,31.626,33.191,31.256,32.837,316172.80904082
2023-10-30,32.844,35.334,32.302,34.952,495087.39818453
2023-10-31,34.953,38.622,34.836,38.395,564795.09712659
2023-11-01,38.395,46.873,37.842,41.152,1775015.34089865
2023-11-02,41.155,44.58,38.618,40.242,1219094.97092284
2023-11-03,40.244,40.251,38.0,39.455,740440.53760928
2023-11-04,39.462,42.715,39.003,42.4,668352.64841583
2023-11-05,42.401,42.86,40.132,41.151,421478.675851
2023-11-06,41.157,42.221,39.669,42.145,438835.28563625
2023-11-07,42.139,44.812,40.076,42.939,749431.96575487
2023-11-08,42.947,43.887,42.256,43.115,380593.50604562
2023-11-09,43.123,48.862,40.5,45.295,1309288.31822367
2023-11-10,45.297,57.549,45.074,56.678,1474712.18083561
2023-11-11,56.666,63.96,53.549,56.339,1439754.08825017
2023-11-12,56.369,61.876,54.5,56.302,857151.56934368
2023-11-13,56.265,59.83,51.226,51.623,1082802.15360182
2023-11-14,51.62,58.0,51.18,56.814,1140907.39873094
2023-11-15,56.811,67.126,56.142,65.456,1140815.66519807
2023-11-16,65.456,68.21,56.421,57.789,1052692.38222933
2023-11-17,57.804,60.57,54.094,58.517,1001917.21206707
2023-11-18,58.529,59.402,54.695,58.573,587102.64436856
2023-11-19,58.559,62.083,56.622,61.117,600568.06499467
2023-11-20,61.109,61.319,55.971,56.576,598191.84875396
2023-11-21,56.559,57.38,51.2,51.677,747210.128576
2023-11-22,51.662,58.931,51.44,57.544,543095.64274987
2023-11-23,57.559,59.656,56.136,56.524,359881.35347247
2023-11-24,56.549,58.761,56.2,56.863,379359.26099335
2023-11-25,56.827,59.789,55.68,58.804,436087.85582086
2023-11-26,58.81,59.027,56.117,57.581,283640.15895649
2023-11-27,57.565,58.084,53.452,55.059,403631.52502542
2023-11-28,55.071,58.641,53.946,58.192,383976.34227668
2023-11-29,58.209,61.753,57.747,59.32,454632.19157378
2023-11-30,59.304,61.718,58.766,59.292,363691.67999801
2023-12-01,59.283,61.887,58.603,59.751,384814.34939758
2023-12-02,59.744,63.897,59.672,63.673,422728.79271343
2023-12-03,63.662,65.531,62.223,62.986,475747.07679751
2023-12-04,62.982,65.241,59.583,61.633,661593.07603339
2023-12-05,61.626,62.593,59.116,61.022,535479.87144886
2023-12-06,61.024,66.668,61.024,61.835,866840.28912278
2023-12-07,61.87,69.388,61.644,67.757,846037.04934729
2023-12-08,67.757,75.314,67.742,74.923,1006689.00180271
2023-12-09,74.963,77.77,71.588,72.278,819753.49917591
2023-12-10,72.337,74.888,70.667,74.856,358527.89042763
2023-12-11,74.857,74.975,64.359,70.258,878889.78696781
2023-12-12,70.246,72.418,65.759,68.607,484402.07574536
2023-12-13,68.573,72.6,63.685,70.61,598190.01101192
2023-12-14,70.622,76.226,68.2,75.674,595210.7682016
2023-12-15,75.681,79.507,72.104,72.517,689517.98550231
2023-12-16,72.516,77.222,71.218,73.737,470498.16136155
2023-12-17,73.731,75.059,70.512,70.866,313031.43361311
2023-12-18,70.838,75.467,67.0,74.42,569994.68009987
2023-12-19,74.419,76.356,71.821,73.017,454918.05747912
2023-12-20,73.006,84.135,72.967,82.229,1039759.11547649
2023-12-21,82.281,95.517,81.057,93.851,1063698.10317107
2023-12-22,93.856,99.478,90.381,97.899,1154038.31051512
2023-12-23,97.904,110.245,92.8,107.866,793380.22861605
2023-12-24,107.881,118.125,107.3,112.5,1459894.08906586
2023-12-25,112.446,126.35,108.0,120.87,1121350.73036867
2023-12-26,120.905,121.339,101.939,112.507,1371198.01091693
2023-12-27,112.486,115.31,104.66,106.9,987403.18120045
2023-12-28,106.94,109.625,97.168,101.807,939493.0664099
2023-12-29,101.856,109.94,99.383,106.147,814804.62621971
2023-12-30,106.144,107.458,100.663,101.877,401096.10508372
2023-12-31,101.909,105.201,99.564,101.706,370389.42343264
2024-01-01,101.713,109.936,101.473,109.936,409543.15604897
2024-01-02,109.936,116.954,106.032,106.729,676669.30074335
2024-01-03,106.745,109.893,77.467,98.53,1086817.13863954
2024-01-04,98.524,108.109,96.607,104.924,665387.48488932
2024-01-05,104.916,105.452,95.238,99.933,702683.22716321
2024-01-06,99.941,100.264,91.495,93.799,489768.70695799
2024-01-07,93.778,96.751,87.0,89.4,501274.77292003
2024-01-08,89.447,99.911,85.135,97.931,916595.88886833
2024-01-09,97.89,105.228,95.205,99.364,828107.55978243
2024-01-10,99.346,105.5,92.012,102.001,1035331.30759993
2024-01-11,102.016,107.2,97.591,99.89,822201.87994055
2024-01-12,99.891,100.484,86.138,92.107,578638.88468863
2024-01-13,92.107,97.029,89.501,95.844,354081.28684562
2024-01-14,95.844,102.877,93.696,93.821,571609.96333305
2024-01-15,93.826,96.98,93.0,94.375,341056.42099564
2024-01-16,94.339,98.724,94.15,97.595,300455.64944224
2024-01-17,97.599,102.825,96.622,102.099,678202.13623379
2024-01-18,102.096,103.548,91.461,94.402,615510.84271362
2024-01-19,94.405,95.461,87.012,93.619,609137.30352736
2024-01-20,93.604,94.258,90.21,92.884,290198.73414218
2024-01-21,92.873,93.927,90.797,91.097,199149.93640255
2024-01-22,91.076,91.933,82.053,83.864,589829.44803707
2024-01-23,83.848,85.958,78.974,84.362,656731.92871687
2024-01-24,84.364,89.4,83.317,88.798,513843.65624562
2024-01-25,88.769,89.64,85.108,86.898,356803.86790101
2024-01-26,86.89,93.732,86.0,92.273,437333.43561713
2024-01-27,92.283,94.5,90.692,94.253,213288.31980048
2024-01-28,94.289,99.437,93.307,95.98,417668.02712776
2024-01-29,95.991,101.992,95.074,101.671,455314.06526604
2024-01-30,101.672,106.462,100.937,101.405,624824.76536333
2024-01-31,101.39,102.723,95.815,96.951,716861.64032565
2024-02-01,96.947,98.158,93.105,97.8,519778.38929136
2024-02-02,97.829,102.562,97.396,100.586,448491.80050839
2024-02-03,100.586,101.228,96.625,97.958,193848.51693105
2024-02-04,97.939,98.599,95.066,95.46,175729.98047668
2024-02-05,95.479,98.69,94.167,95.648,278842.04095771
2024-02-06,95.644,97.887,93.139,96.872,305050.76764266
2024-02-07,96.861,101.591,94.633,101.136,438008.92445554
2024-02-08,101.144,105.0,100.493,102.767,721732.69266041
2024-02-09,102.767,109.179,102.767,106.948,742406.84458124
2024-02-10,106.94,110.845,106.88,109.019,321004.20479961
2024-02-11,109.003,110.658,107.265,107.477,322022.51200659
2024-02-12,107.49,112.2,103.43,111.664,488384.63996998
2024-02-13,111.672,115.199,108.293,112.474,646075.31645828
2024-02-14,112.474,118.69,110.624,116.988,502990.68041804
2024-02-15,116.988,118.368,111.543,113.48,869143.72563875
2024-02-16,113.502,114.228,107.891,110.325,355320.45341688
2024-02-17,110.337,111.058,105.603,108.905,321797.94017367
2024-02-18,108.926,114.049,107.49,112.243,287381.32960125
2024-02-19,112.248,114.868,110.778,111.56,403658.57870012
2024-02-20,111.56,112.116,102.803,108.315,470704.05176592
2024-02-21,108.346,108.412,100.206,105.03,756307.00380735
2024-02-22,105.064,107.096,101.501,101.754,352634.31113495
2024-02-23,101.74,103.091,98.779,99.872,590829.54789819
2024-02-24,99.912,104.792,98.478,104.017,267753.24582279
2024-02-25,104.015,104.419,102.029,103.489,226825.24869712
2024-02-26,103.471,110.779,100.266,109.888,671509.14908343
2024-02-27,109.887,112.34,105.3,108.366,570968.57650353
2024-02-28,108.365,119.074,106.019,119.02,1190186.56121456
2024-02-29,119.033,134.592,117.18,125.643,1583932.86245914
2024-03-01,125.719,137.775,125.583,129.33,964890.92126158
2024-03-02,129.424,131.656,127.212,130.04,569123.99059405
2024-03-03,130.061,132.135,123.885,130.171,616707.87769316
2024-03-04,130.185,134.935,127.424,133.291,647820.86972313
2024-03-05,133.28,142.642,100.533,125.332,1713141.74635531
2024-03-06,125.333,134.931,120.001,130.797,760397.44892338
2024-03-07,130.852,149.358,130.521,143.833,1191591.43437502
2024-03-08,143.841,152.639,142.012,144.762,933706.20522459
2024-03-09,144.761,149.152,143.416,144.271,349105.32692654
2024-03-10,144.314,148.487,140.443,144.408,633028.26315742
2024-03-11,144.414,150.201,136.37,148.867,715232.78836393
2024-03-12,148.901,155.0,141.59,151.061,941934.66206788
2024-03-13,151.106,166.848,148.745,163.881,773951.917077
2024-03-14,163.88,178.416,159.094,176.687,1163847.03756952
2024-03-15,176.707,188.939,164.529,183.957,1518327.00301019
2024-03-16,183.956,197.943,176.658,182.022,1338689.44443641
2024-03-17,182.05,204.889,178.6,201.883,1029868.76321017
2024-03-18,201.857,210.133,194.036,195.907,1003983.80595875
2024-03-19,195.825,198.673,166.003,169.837,1462460.31511228
2024-03-20,169.801,193.198,162.4,191.839,933668.96635574
2024-03-21,191.755,195.657,175.9,179.467,643121.77015948
2024-03-22,179.474,181.998,167.7,175.146,665470.58959781
2024-03-23,175.148,179.0,170.394,172.662,380020.23199149
2024-03-24,172.643,186.748,171.319,183.862,355885.83220412
2024-03-25,183.893,194.498,181.007,188.946,721869.32891698
2024-03-26,189.015,196.578,185.921,190.449,560843.98402397
2024-03-27,190.461,192.707,180.087,186.345,292192.1170875
2024-03-28,186.345,190.987,180.927,189.695,193189.87790628
2024-03-29,189.671,192.977,183.377,192.107,215586.45611207
2024-03-30,192.062,199.954,190.693,194.166,201715.48978853
2024-03-31,194.167,203.1,193.746,202.492,167073.31919036
2024-04-01,202.453,204.299,187.0,192.235,254720.9246539
2024-04-02,192.232,192.232,176.0,181.484,344051.05698074
2024-04-03,181.493,191.809,176.875,185.088,269098.9897974
2024-04-04,185.075,190.146,180.172,184.0,223468.7523008
2024-04-05,184.019,185.075,168.057,174.401,279290.91287373
2024-04-06,174.382,179.925,173.546,178.629,148838.21611991
2024-04-07,178.644,182.688,176.889,179.542,169707.01158439
2024-04-08,179.528,184.66,175.328,180.649,251062.57396353
2024-04-09,180.662,180.919,169.1,172.45,234727.79726648
2024-04-10,172.349,175.508,162.299,173.345,288306.14482584
2024-04-11,173.322,176.272,170.109,172.356,201264.42248392
2024-04-12,172.361,175.92,133.58,153.169,476483.2836257
2024-04-13,153.169,154.916,107.896,138.409,921188.0182499
2024-04-14,138.346,152.883,130.445,151.305,566803.60376866
2024-04-15,151.185,156.016,133.591,138.513,495197.17073173
2024-04-16,138.536,140.556,126.484,136.188,424765.17394911
2024-04-17,136.128,142.7,126.821,131.864,425389.43657115
2024-04-18,131.853,144.0,127.656,142.059,315873.2145718
2024-04-19,142.037,147.543,128.522,142.476,618763.5291844
2024-04-20,142.472,152.38,139.7,151.275,344973.46428494
2024-04-21,151.234,153.438,146.766,148.804,227479.03422948
2024-04-22,148.856,158.46,146.686,156.931,243937.08365638
2024-04-23,156.979,160.0,153.063,154.755,256068.00857166
2024-04-24,154.757,159.721,145.547,147.804,363820.12440885
2024-04-25,147.766,149.571,142.11,144.848,478533.1982567
2024-04-26,144.861,146.144,138.711,139.255,337536.54978506
2024-04-27,139.266,143.0,132.656,141.327,340930.32739778
2024-04-28,141.329,144.702,137.095,138.013,209446.79974185
2024-04-29,138.011,138.914,133.39,137.744,210665.43788386
2024-04-30,137.807,139.797,121.259,126.712,338895.28296396
2024-05-01,126.763,135.96,118.467,134.644,527838.74888719
2024-05-02,134.652,140.92,128.26,137.58,354160.72763861
2024-05-03,137.579,144.976,135.958,143.713,267662.16140104
2024-05-04,143.698,149.139,142.203,146.041,157284.21843664
2024-05-05,146.065,148.0,143.208,145.717,104722.89197879
2024-05-06,145.764,156.877,145.417,152.835,366432.06540497
2024-05-07,152.841,159.201,147.839,148.051,249866.86383584
2024-05-08,148.018,149.952,140.02,142.148,423733.22954146
2024-05-09,142.148,153.364,140.607,152.562,382993.11185776
2024-05-10,152.552,155.757,144.5,145.966,241065.60752815
2024-05-11,146.036,147.728,143.114,145.405,91682.0441978
2024-05-12,145.405,147.776,142.38,143.437,88349.06882382
2024-05-13,143.584,150.773,137.899,147.593,283453.82256828
2024-05-14,147.485,149.08,141.783,142.02,274177.1036937
2024-05-15,142.037,158.798,141.228,158.5,334419.29983209
2024-05-16,158.497,165.2,156.613,159.327,233913.70004227
2024-05-17,159.367,172.045,159.332,169.409,254077.49616285
2024-05-18,169.41,175.977,168.683,172.38,187816.95159565
2024-05-19,172.414,175.471,166.123,169.861,136065.18232279
2024-05-20,169.911,188.327,167.614,186.706,266884.47288912
2024-05-21,186.706,188.905,174.439,178.135,230900.41276458
2024-05-22,178.109,183.43,175.052,176.992,270994.14609609
2024-05-23,177.036,181.099,165.279,176.209,390249.47433048
2024-05-24,176.16,176.16,162.5,167.672,291850.42473731
2024-05-25,167.662,170.491,165.911,168.351,190733.26333577
2024-05-26,168.394,168.394,161.005,163.408,243319.72610613
2024-05-27,163.409,172.242,163.325,170.131,261250.15200696
2024-05-28,170.134,173.236,164.983,168.708,270920.26669151
2024-05-29,168.717,173.88,167.148,168.337,345939.37991367
2024-05-30,168.32,172.699,163.594,166.9,314908.8491967
2024-05-31,166.895,170.957,164.0,165.661,276159.80197051
2024-06-01,165.676,167.909,165.676,166.144,143728.16269774
2024-06-02,166.129,167.121,161.333,163.169,181033.55648773
2024-06-03,163.172,167.255,161.842,164.899,187321.05874477
2024-06-04,164.899,171.911,164.334,171.777,236721.93829711
2024-06-05,171.778,175.538,171.126,173.529,268663.54072073
2024-06-06,173.565,174.348,167.464,170.129,207449.88146007
2024-06-07,170.134,172.833,152.371,162.511,331534.06811235
2024-06-08,162.467,163.769,157.122,157.801,136290.50400077
2024-06-09,157.763,163.06,156.55,162.145,82518.12339958
2024-06-10,162.201,163.175,157.496,159.059,109221.58127473
2024-06-11,159.108,159.727,145.141,149.392,259193.49709221
2024-06-12,149.38,161.798,145.462,155.24,339276.57591025
2024-06-13,155.195,155.228,146.045,147.266,236570.62126562
2024-06-14,147.311,149.03,139.6,143.043,247926.24515191
2024-06-15,143.062,145.781,142.93,145.503,99371.73215612
2024-06-16,145.52,151.317,143.083,151.282,139288.54377817
2024-06-17,151.281,151.773,139.854,143.27,187351.53963601
2024-06-18,143.277,143.775,127.238,137.407,576117.77045508
2024-06-19,137.376,141.893,134.484,135.634,244312.51840761
2024-06-20,135.633,141.276,131.877,133.578,278103.92094216
2024-06-21,133.577,135.373,128.765,134.497,283084.13767013
2024-06-22,134.596,136.711,133.006,133.707,75148.71166792
2024-06-23,133.71,135.092,128.237,128.681,122116.13847208
2024-06-24,128.679,132.625,121.687,132.315,503617.98678082
2024-06-25,132.318,139.894,131.201,136.586,221550.83292881
2024-06-26,136.57,140.397,134.862,136.811,179741.07375027
2024-06-27,136.843,151.236,135.219,149.696,383053.59021107
2024-06-28,149.695,150.777,139.024,140.03,280530.90949404
2024-06-29,140.018,143.199,139.687,140.261,119830.32149621
2024-06-30,140.264,147.615,137.124,146.641,277029.29123911
2024-07-01,146.638,149.346,145.879,146.668,224773.59928117
2024-07-02,146.708,154.976,146.146,154.017,242379.08772182
2024-07-03,154.044,154.454,139.096,140.839,295605.34207004
2024-07-04,140.832,142.729,127.162,127.856,408437.92102733
2024-07-05,127.837,136.561,120.665,134.33,487652.16534642
2024-07-06,134.325,144.344,132.341,142.995,205561.82473225
2024-07-07,143.047,143.342,131.2,131.646,229677.8962313
2024-07-08,131.599,142.0,127.779,139.804,378154.61090149
2024-07-09,139.811,144.293,136.443,141.412,184780.50014515
2024-07-10,141.447,146.236,138.6,142.007,219396.2052888
2024-07-11,142.008,146.145,135.666,135.739,226019.86668482
2024-07-12,135.735,140.592,133.949,139.457,184485.92616535
2024-07-13,139.484,143.576,137.951,141.921,107305.28171176
2024-07-14,141.904,148.55,141.894,147.696,199090.02590347
2024-07-15,147.661,159.959,146.894,159.36,272786.39689181
2024-07-16,159.367,162.464,152.58,160.653,268393.72091728
2024-07-17,160.625,163.764,154.701,155.537,197467.85415688
2024-07-18,155.514,161.59,155.19,159.231,159004.58066066
2024-07-19,159.231,172.517,156.188,169.128,431065.25812716
2024-07-20,169.141,175.3,167.274,173.613,184289.29512795
2024-07-21,173.613,185.2,170.346,184.506,298871.04465296
2024-07-22,184.507,184.979,176.741,178.886,209731.73067718
2024-07-23,178.872,180.512,170.6,173.018,283972.52263694
2024-07-24,173.008,182.487,171.0,178.093,293251.30380315
2024-07-25,178.093,179.58,165.443,171.854,352485.06065196
2024-07-26,171.852,184.526,171.72,183.074,201983.82809676
2024-07-27,183.078,188.347,178.059,183.944,250197.73818689
2024-07-28,183.933,186.696,181.195,185.0,122124.7215163
2024-07-29,185.0,193.9,181.626,182.529,294713.04658589
2024-07-30,182.561,184.833,175.351,179.12,263552.72346094
2024-07-31,179.159,184.559,171.6,171.713,290150.112441
2024-08-01,171.669,172.88,157.906,167.367,489627.14304669
2024-08-02,167.361,169.383,150.0,152.759,486060.79592226
2024-08-03,152.746,154.069,139.866,142.544,370797.16011149
2024-08-04,142.542,146.06,131.258,138.339,392311.02508482
2024-08-05,138.354,139.357,109.667,129.795,1474444.81333264
2024-08-06,129.799,149.583,129.411,144.495,446267.58060009
2024-08-07,144.382,155.0,142.308,144.75,368645.58380052
2024-08-08,144.748,163.68,141.362,163.153,373787.2193559
2024-08-09,163.111,163.514,150.741,156.258,226929.54709086
2024-08-10,156.252,158.823,152.619,154.025,88828.0008947
2024-08-11,154.026,157.974,141.085,141.55,235347.54268822
2024-08-12,141.543,150.811,141.208,146.31,264194.43008964
2024-08-13,146.299,149.852,142.954,146.649,256945.35876022
2024-08-14,146.659,152.11,142.298,143.715,318262.46777478
2024-08-15,143.712,147.639,137.751,142.587,254968.90219016
2024-08-16,142.571,144.9,136.124,139.024,227948.73862717
2024-08-17,139.046,141.977,137.599,141.916,91270.65919959
2024-08-18,141.917,147.328,140.587,142.41,141194.37280879
2024-08-19,142.399,146.185,140.337,144.295,148783.1111028
2024-08-20,144.243,148.844,140.973,142.271,202111.24085389
2024-08-21,142.264,144.376,138.829,142.767,173854.47495847
2024-08-22,142.782,144.853,140.624,143.234,119376.71859104
2024-08-23,143.232,154.038,142.705,153.262,201538.59388903
2024-08-24,153.244,162.289,151.984,160.636,215895.83317424
2024-08-25,160.644,162.0,155.265,158.937,144185.6478571
2024-08-26,158.947,162.146,155.575,157.134,213918.60727415
2024-08-27,157.12,159.663,145.006,146.785,227116.45254853
2024-08-28,146.79,148.89,140.5,143.958,249372.44439808
2024-08-29,143.965,147.344,138.071,140.029,150421.7663065
2024-08-30,140.017,141.089,132.122,137.955,191980.51657829
2024-08-31,137.977,139.22,134.508,135.34,58912.19675041
2024-09-01,135.329,136.134,127.695,128.518,212613.11134651
2024-09-02,128.505,135.429,126.938,134.953,150101.64343769
2024-09-03,134.973,137.523,127.185,127.563,127537.08068806
2024-09-04,127.554,134.936,122.567,133.637,192825.62909071
2024-09-05,133.636,135.539,127.803,129.429,162783.08572895
2024-09-06,129.394,134.273,120.526,125.034,351245.21839203
2024-09-07,125.042,129.46,124.146,127.717,111943.60681694
2024-09-08,127.728,131.709,126.621,130.121,94948.58152085
2024-09-09,130.134,137.098,127.0,135.068,167517.37953073
2024-09-10,135.084,137.999,132.523,135.58,122458.46084564
2024-09-11,135.61,135.893,128.209,132.356,146176.41300627
2024-09-12,132.393,136.739,132.392,136.049,127902.28643097
2024-09-13,136.081,139.859,131.705,138.999,133910.51167287
2024-09-14,138.999,139.759,135.581,137.148,78973.21135403
2024-09-15,137.125,137.914,130.32,131.381,89249.2072
2024-09-16,131.392,132.403,128.935,131.503,140037.24591218
2024-09-17,131.484,135.5,130.131,131.535,173179.71865431
2024-09-18,131.526,134.4,127.123,134.292,209621.15205871
2024-09-19,134.359,144.043,134.26,142.872,251756.26195021
2024-09-20,142.872,152.493,141.192,146.674,247938.24529535
2024-09-21,146.674,149.814,144.618,149.478,81301.95708098
2024-09-22,149.436,149.952,141.114,144.604,122066.4307516
2024-09-23,144.638,149.037,142.102,144.771,157439.95479522
2024-09-24,144.762,153.985,143.076,152.713,221482.85959278
2024-09-25,152.732,153.9,147.297,148.014,188121.54472286
2024-09-26,148.021,158.106,146.594,155.536,241252.83335819
2024-09-27,155.526,161.279,153.915,157.656,253944.8120264
2024-09-28,157.685,159.415,155.007,156.731,101395.71744893
2024-09-29,156.758,161.77,155.115,158.53,134429.01702087
2024-09-30,158.495,159.751,151.746,152.542,186498.30093333
2024-10-01,152.51,157.321,142.272,145.176,305251.18393008
2024-10-02,145.128,148.928,138.502,140.19,227015.2644641
2024-10-03,140.182,142.949,133.111,136.776,225774.37087762
2024-10-04,136.781,144.55,135.96,143.149,179120.73050371
2024-10-05,143.233,144.934,141.08,142.592,82687.26367597
2024-10-06,142.603,146.76,142.003,146.498,74967.1317754
2024-10-07,146.48,152.4,143.5,143.961,187896.85779644
2024-10-08,143.968,145.586,141.151,143.498,135011.96636905
2024-10-09,143.497,145.312,138.65,139.318,197162.90296024
2024-10-10,139.344,140.912,135.522,139.058,120199.47985265
2024-10-11,139.038,146.519,138.725,145.489,129933.4544052
2024-10-12,145.526,147.261,144.731,146.397,82885.13468924
2024-10-13,146.389,148.844,144.502,147.717,98808.59538262
2024-10-14,147.731,158.131,146.808,157.567,226007.92054737
2024-10-15,157.583,159.57,150.336,154.826,298319.56790927
2024-10-16,154.763,158.375,153.0,154.288,152148.83758507
2024-10-17,154.257,155.705,147.699,150.5,167947.54655371
2024-10-18,150.5,156.684,149.64,154.943,121836.15075128
2024-10-19,154.943,159.822,153.672,159.781,117559.97636582
2024-10-20,159.789,167.918,157.625,167.395,160094.05654876
2024-10-21,167.395,171.663,161.262,166.242,222503.3242883
2024-10-22,166.161,170.915,163.074,167.591,201600.98777815
2024-10-23,167.605,174.269,164.168,170.806,275675.34424266
2024-10-24,170.841,179.314,170.516,177.157,193314.09740294
2024-10-25,177.194,177.506,158.873,164.922,324282.78037981
2024-10-26,164.857,173.231,162.499,170.885,132050.1912885
2024-10-27,170.885,178.264,170.3,176.604,144726.9490964
2024-10-28,176.623,179.772,172.463,178.269,217746.02115704
2024-10-29,178.309,183.343,176.389,179.447,293960.07570404
2024-10-30,179.446,181.275,173.17,174.916,191203.02302114
2024-10-31,174.916,176.531,167.58,168.727,131295.98180493
2024-11-01,168.666,174.035,163.541,166.103,191943.4712226
2024-11-02,166.089,168.583,162.114,166.152,114466.22289527
2024-11-03,166.152,166.574,157.89,162.537,183638.05012324
2024-11-04,162.512,165.0,155.0,157.968,174415.95675094
2024-11-05,157.942,169.288,156.895,166.652,178220.42244548
2024-11-06,166.652,190.0,166.419,186.552,602680.06372338
2024-11-07,186.551,197.924,185.8,196.337,305510.63331533
2024-11-08,196.388,205.012,195.67,199.805,342873.81964069
2024-11-09,199.81,203.429,194.9,199.963,200585.06288467
2024-11-10,199.927,215.259,198.728,210.111,433969.64053447
2024-11-11,210.108,224.0,204.119,222.107,1057888.3471413
2024-11-12,222.107,225.342,204.85,211.578,646958.48010557
2024-11-13,211.628,220.419,200.763,215.15,635953.81348154
2024-11-14,215.159,222.807,206.757,209.55,458771.66348245
2024-11-15,209.544,220.5,204.504,218.479,471267.39714545
2024-11-16,218.478,221.89,213.399,215.739,353341.5257762
2024-11-17,215.739,242.109,212.075,237.485,644118.2407235
2024-11-18,237.49,248.484,234.001,239.797,539371.94448669
2024-11-19,239.756,247.528,233.5,237.639,416781.43937186
2024-11-20,237.639,242.485,230.481,235.437,374810.28308738
2024-11-21,235.481,259.79,229.7,256.401,588341.64877443
2024-11-22,256.351,264.358,251.494,256.899,366741.15880955
2024-11-23,256.933,263.927,252.739,254.879,330821.60004095
2024-11-24,254.913,259.785,240.917,252.673,266595.25423768
2024-11-25,252.798,256.672,231.121,234.218,341819.49177185
2024-11-26,234.14,239.691,221.726,230.77,354172.63515032
2024-11-27,230.688,243.327,227.5,241.983,279844.99836853
2024-11-28,241.99,245.272,232.873,237.604,176046.30246032
2024-11-29,237.647,246.876,236.554,243.302,213642.85351991
2024-11-30,243.333,245.36,237.306,237.546,256319.61658732
2024-12-01,237.584,239.896,234.078,236.783,329540.55596326
2024-12-02,236.792,238.158,220.0,225.723,568758.82225094
2024-12-03,225.742,239.598,214.986,233.869,592407.16522919
2024-12-04,233.994,240.917,224.687,229.199,510320.5157593
2024-12-05,229.157,244.81,222.903,235.832,651259.0815038
2024-12-06,235.859,246.852,230.934,236.868,471037.24033966
2024-12-07,236.89,243.642,234.101,238.14,340555.47366357
2024-12-08,238.14,241.486,233.079,237.034,310953.09366716
2024-12-09,237.038,237.306,200.88,216.668,622272.93517398
2024-12-10,216.666,220.956,203.204,213.594,572368.74022355
2024-12-11,213.64,230.668,211.5,227.245,409130.42989511
2024-12-12,227.29,234.7,225.686,226.936,353319.41016283
2024-12-13,226.936,228.407,220.622,224.782,287410.7905699
2024-12-14,224.786,227.485,215.147,219.961,220453.3278492
2024-12-15,219.97,225.477,215.72,224.26,238024.44842023
2024-12-16,224.288,227.517,213.266,216.18,312345.4701532
2024-12-17,216.202,228.9,211.351,223.225,419421.64157938
2024-12-18,223.184,226.019,204.725,206.54,471283.9588733
2024-12-19,206.497,212.122,187.059,193.811,704434.62024018
2024-12-20,193.843,199.709,175.285,194.517,827191.04886052
2024-12-21,194.47,202.08,178.41,181.441,706908.09761588
2024-12-22,181.492,187.861,176.899,180.488,680226.44358041
2024-12-23,180.543,193.455,176.496,190.135,489837.71840619
2024-12-24,190.136,199.0,186.163,197.06,330213.3434428
2024-12-25,197.086,201.887,195.069,197.46,235022.0269011
2024-12-26,197.492,199.705,186.642,188.435,262521.14308018
2024-12-27,188.409,194.366,182.794,184.259,273723.80586695
2024-12-28,184.26,196.039,183.847,195.5,198198.79151707
2024-12-29,195.499,197.684,188.601,189.927,189522.75306184
2024-12-30,189.942,196.413,185.937,191.33,320410.18112541
2024-12-31,191.361,199.254,188.045,189.307,331519.0803815
2025-01-01,189.308,195.341,188.0,194.246,198716.26625593
2025-01-02,194.289,210.463,193.451,208.303,324833.54177425
2025-01-03,208.303,219.809,205.668,218.0,258723.44453337
2025-01-04,217.989,218.053,213.579,216.655,177423.73545456
2025-01-05,216.664,219.04,211.482,213.421,143009.763887
2025-01-06,213.422,223.203,211.532,218.231,231805.93195258
2025-01-07,218.239,219.145,201.795,202.147,351658.82561276
2025-01-08,202.148,203.271,188.367,197.468,502929.39466671
2025-01-09,197.46,199.072,182.0,184.951,453648.93005576
2025-01-10,184.972,193.007,183.483,187.694,420379.41826481
2025-01-11,187.608,191.921,184.118,188.048,250431.37725606
2025-01-12,188.066,190.999,185.09,188.519,218120.53356388
2025-01-13,188.52,191.96,168.6,182.841,537198.71513573
2025-01-14,182.841,190.118,181.891,187.561,315185.70320055
2025-01-15,187.556,206.032,185.895,205.874,404774.15226877
2025-01-16,205.873,217.136,198.517,211.088,393551.57805696
2025-01-17,211.131,222.084,209.85,219.433,366422.79547836
2025-01-18,219.511,270.647,217.314,261.906,1206571.85849135
2025-01-19,261.965,295.755,237.94,252.438,1488846.03088189
2025-01-20,252.595,273.218,229.779,242.142,949069.22275982
2025-01-21,242.142,260.0,230.328,250.367,533983.47128618
2025-01-22,250.362,272.0,248.43,257.405,530835.67009971
2025-01-23,257.42,258.417,242.158,253.067,591747.28014118
2025-01-24,253.106,270.247,247.213,253.391,475163.97066078
2025-01-25,253.352,260.756,246.259,256.428,356274.77322692
2025-01-26,256.418,260.053,240.336,240.519,354825.64089369
2025-01-27,240.496,242.631,220.898,234.887,707895.18188304
2025-01-28,234.963,243.89,225.09,227.064,450651.61451185
2025-01-29,227.081,238.4,222.51,228.167,453989.19945688
2025-01-30,228.156,244.657,226.858,238.305,401061.78114783
2025-01-31,238.311,241.829,228.182,231.77,316700.49405558
2025-02-01,231.735,234.134,212.652,212.983,341877.5902528
2025-02-02,212.969,218.799,192.132,203.462,578509.1134905
2025-02-03,203.497,218.657,174.067,216.278,948269.13380779
2025-02-04,216.278,219.956,201.825,206.61,496523.20844171
2025-02-05,206.685,209.325,195.131,196.108,344283.56661671
2025-02-06,196.145,203.961,187.379,189.537,333314.618054
2025-02-07,189.536,203.408,188.128,192.047,346649.63867146
2025-02-08,191.988,200.898,189.801,199.343,217592.2306574
2025-02-09,199.343,207.379,193.565,200.492,281381.2756731
2025-02-10,200.46,209.021,195.904,200.463,321072.71166041
2025-02-11,200.464,206.169,195.059,197.969,246300.35816061
2025-02-12,197.952,198.559,188.5,196.768,225403.63854674
2025-02-13,196.835,198.454,188.912,194.237,193800.26128684
2025-02-14,194.237,205.327,194.108,199.43,279181.5660157
2025-02-15,199.411,200.27,192.616,194.471,170588.79411055
2025-02-16,194.471,196.261,186.187,188.251,242503.8470647
2025-02-17,188.251,189.743,174.636,177.526,410087.2322365
2025-02-18,177.519,179.057,160.904,169.311,604178.80391572
2025-02-19,169.327,174.336,163.74,168.927,403093.08750067
2025-02-20,168.936,176.619,167.667,176.049,317874.28872437
2025-02-21,175.992,180.514,167.167,168.92,417547.9688367
2025-02-22,168.961,174.705,168.096,172.078,256599.32129743
2025-02-23,172.077,173.069,166.4,167.965,182216.53894372
2025-02-24,167.957,169.666,137.657,141.891,685620.36564311
2025-02-25,141.797,147.117,131.902,144.345,954702.5268312
2025-02-26,144.338,145.2,130.598,135.337,704850.36779952
2025-02-27,135.342,142.871,134.721,137.681,566979.73666692
2025-02-28,137.694,148.689,125.561,148.163,842326.76491123
2025-03-01,148.191,151.174,138.59,143.66,516149.69268925
2025-03-02,143.661,179.914,140.0,178.726,1136904.60229553
2025-03-03,178.712,179.46,139.164,142.112,849807.76483436
2025-03-04,142.14,146.85,130.101,144.817,642499.75582947
2025-03-05,144.802,149.722,140.211,146.292,274057.74045804
2025-03-06,146.294,152.888,142.436,143.289,469378.10000822
2025-03-07,143.291,150.867,135.058,139.392,718865.00921109
2025-03-08,139.398,141.075,135.294,137.009,352715.36728359
2025-03-09,137.003,139.862,125.426,126.495,560223.66473902
2025-03-10,126.529,131.555,115.484,118.306,728488.18880194
2025-03-11,118.327,128.417,112.002,125.357,761315.20701678
2025-03-12,125.343,131.311,121.242,126.614,676661.1027885
2025-03-13,126.577,128.676,120.801,123.369,539921.14157793
2025-03-14,123.384,136.048,122.98,133.564,538457.30409194
2025-03-15,133.512,136.532,132.439,135.871,349492.24913043
2025-03-16,135.883,136.712,125.209,126.132,228672.57352207
2025-03-17,126.113,130.653,125.543,128.018,245290.77491833
2025-03-18,128.018,128.177,120.936,125.376,370200.71312692
2025-03-19,125.326,136.069,124.197,135.335,389687.79302816
2025-03-20,135.346,136.12,126.655,127.582,243232.9895191
2025-03-21,127.581,130.182,124.848,128.488,536476.86601659
2025-03-22,128.459,131.821,127.798,128.514,466170.60955914
2025-03-23,128.502,134.036,128.211,132.833,469910.61151715
2025-03-24,132.834,144.957,131.526,140.997,811152.23614598
2025-03-25,140.996,147.448,138.156,143.662,725305.93536229
2025-03-26,143.67,145.462,135.9,137.385,680340.9444837
2025-03-27,137.388,140.215,135.623,138.446,542741.63857755
2025-03-28,138.446,139.07,127.718,129.485,817169.3860455
2025-03-29,129.485,130.529,122.708,124.548,454115.75287309
2025-03-30,124.579,127.182,123.0,124.825,293173.41268316
2025-03-31,124.839,127.8,122.75,124.534,583912.57891353
2025-04-01,124.53,130.524,123.75,126.672,579446.11744058
2025-04-02,126.693,136.21,117.193,117.417,1057624.16832622
2025-04-03,117.439,120.964,112.259,117.134,1089968.53862493
2025-04-04,117.176,123.995,113.262,122.771,738744.14305428
2025-04-05,122.786,122.857,117.163,120.31,292272.94603738
2025-04-06,120.31,121.121,103.821,105.9,636908.74925296
2025-04-07,105.908,113.019,95.236,106.977,1268427.57696247
2025-04-08,106.979,112.559,102.9,105.408,622743.76264048
2025-04-09,105.408,120.737,101.273,119.058,1232704.98009237
2025-04-10,119.035,119.323,108.306,112.811,655493.93921953
2025-04-11,112.782,122.634,112.159,121.386,801061.96618716
2025-04-12,121.382,134.051,119.433,132.242,779197.35209574
2025-04-13,132.257,133.975,125.328,128.36,748204.1038317
2025-04-14,128.364,136.084,127.98,129.344,929982.3028224
2025-04-15,129.404,134.439,125.82,126.142,917907.82309716
2025-04-16,126.136,133.876,123.5,131.319,941702.49954337
2025-04-17,131.321,136.2,129.489,134.84,781396.80706831
2025-04-18,134.835,136.001,132.47,134.058,466751.12367359
2025-04-19,134.054,140.573,133.584,139.878,491580.6078856
2025-04-20,139.877,141.951,135.636,137.86,517418.90229155
2025-04-21,137.86,143.213,133.869,136.572,727650.54614494
2025-04-22,136.548,150.215,134.652,148.752,861789.75313922
2025-04-23,148.767,154.272,147.166,151.11,930630.61608209
2025-04-24,151.111,152.886,145.094,152.545,751196.91712896
2025-04-25,152.544,157.024,149.898,150.85,661430.31947761
2025-04-26,150.859,153.174,147.761,149.225,332970.69803321
2025-04-27,149.23,150.383,145.517,147.98,361888.05587557
2025-04-28,147.98,153.385,144.635,147.829,714000.07677765
2025-04-29,147.855,150.366,144.941,146.287,519233.01501205
2025-04-30,146.286,148.662,140.342,147.55,602576.23563962
2025-05-01,147.566,153.93,147.551,150.833,521635.20940832
2025-05-02,150.831,151.892,147.277,148.022,454429.2657783
2025-05-03,148.034,149.04,145.847,146.718,275339.46872566
2025-05-04,146.708,147.79,143.633,143.977,244165.77617825
2025-05-05,143.935,147.719,142.511,146.7,358118.57868412
2025-05-06,146.724,147.218,141.417,146.902,345120.77653964
2025-05-07,146.896,149.5,144.66,147.329,395805.93910062
2025-05-08,147.329,164.6,147.101,164.447,721874.20756113
2025-05-09,164.447,176.162,161.088,172.787,799790.31030752
2025-05-10,172.783,178.94,168.765,177.897,596288.53642772
2025-05-11,177.893,180.26,169.365,173.187,678816.6071613
2025-05-12,173.211,181.427,168.314,174.211,911060.99364698
2025-05-13,174.212,184.819,166.219,183.746,708039.60533427
2025-05-14,183.724,184.862,173.25,176.631,613893.33535786
2025-05-15,176.632,178.299,166.702,169.133,724435.37261013
2025-05-16,169.136,174.169,166.36,167.458,581507.80477137
2025-05-17,167.419,169.97,164.014,165.941,483616.78483653
2025-05-18,165.96,176.769,164.421,173.328,578306.46683967
2025-05-19,173.329,173.917,159.459,166.81,657878.76491328
2025-05-20,166.861,173.082,164.518,168.592,598298.11371815
2025-05-21,168.579,175.92,165.549,173.529,916299.15253939
2025-05-22,173.552,180.832,172.617,179.692,649368.01276524
2025-05-23,179.692,187.684,173.262,173.982,938400.28447691
2025-05-24,173.981,178.296,172.608,175.89,443995.69693159
2025-05-25,175.891,176.891,169.142,175.739,549441.59824879
2025-05-26,175.739,178.999,173.47,174.904,451801.12946938
2025-05-27,174.904,179.384,171.269,176.717,531535.54543036
2025-05-28,176.716,177.42,168.946,172.223,439828.8585693
2025-05-29,172.223,175.32,166.0,166.704,537862.39822149
2025-05-30,166.692,167.484,155.216,156.198,711422.78808601
2025-05-31,156.202,157.98,152.139,156.465,531880.03614341
2025-06-01,156.449,157.904,150.568,157.667,490666.099425
2025-06-02,157.692,158.925,151.684,156.814,606405.10030673
2025-06-03,156.835,163.6,154.157,155.214,567717.22942071
2025-06-04,155.184,157.959,152.98,153.258,516926.16313144
2025-06-05,153.257,154.593,141.525,144.296,598770.91644004
2025-06-06,144.287,152.384,144.139,147.82,385181.28508698
2025-06-07,147.82,152.85,146.929,150.059,258856.85735768
2025-06-08,150.059,155.267,147.882,152.458,264266.80975875
2025-06-09,152.449,161.72,149.604,161.159,374554.56842595
2025-06-10,161.16,165.643,156.319,165.108,531296.42115238
2025-06-11,165.121,168.325,159.225,161.001,525782.80724124
2025-06-12,160.977,161.294,152.037,152.323,472593.68565627
2025-06-13,152.312,152.566,140.77,148.596,862932.68098164
2025-06-14,148.609,148.7,141.961,144.644,361254.25285921
2025-06-15,144.647,153.5,144.225,152.97,501468.14364319
2025-06-16,152.967,158.74,150.3,150.682,577679.18869568
2025-06-17,150.709,154.323,145.615,147.566,748395.26368406
2025-06-18,147.566,149.27,143.691,146.366,712034.13405259
2025-06-19,146.366,147.895,142.932,147.024,530862.89839195
2025-06-20,147.015,148.797,135.681,140.087,696627.81470178
2025-06-21,140.101,142.599,130.811,135.379,632946.3000407
2025-06-22,135.419,137.592,125.976,131.726,1087110.90958093
2025-06-23,131.713,146.915,130.679,144.534,1000487.87221133
2025-06-24,144.503,146.757,142.315,145.916,628325.76835064
2025-06-25,145.905,147.95,142.287,143.536,498910.8490628
2025-06-26,143.565,147.978,138.631,139.068,465751.39412159
2025-06-27,139.068,144.847,137.155,142.096,355218.25634147
2025-06-28,142.106,152.69,141.142,150.708,298157.16150809
2025-06-29,150.708,154.735,149.342,153.316,279832.76841123
2025-06-30,153.334,159.974,149.471,154.824,502530.4764876
2025-07-01,154.818,155.608,144.844,146.91,505259.5896785
2025-07-02,146.868,154.442,145.851,152.274,816302.83463107
2025-07-03,152.266,156.335,149.931,152.316,608870.30432916
2025-07-04,152.352,153.846,145.235,147.703,633713.58744847
2025-07-05,147.686,148.689,145.914,147.571,294861.38103089
2025-07-06,147.573,153.896,146.788,151.86,628334.70605033
2025-07-07,151.854,153.574,147.695,148.887,1407342.13923839
2025-07-08,148.893,152.865,147.875,151.678,1513050.65568317
2025-07-09,151.677,157.904,150.541,157.032,869015.65236248
2025-07-10,157.043,165.381,155.661,164.313,877462.12214908
2025-07-11,164.315,168.166,159.53,162.91,971379.43248805
2025-07-12,162.91,163.886,157.793,160.666,520035.51782961
2025-07-13,160.703,164.142,159.648,161.142,538760.9092
2025-07-14,161.142,168.638,160.627,162.227,958215.89182839
2025-07-15,162.211,164.266,157.232,164.002,856390.10976
2025-07-16,163.99,176.0,161.5,173.613,845262.5585393
2025-07-17,173.638,178.175,168.712,175.865,1065187.23609442
2025-07-18,175.865,184.67,173.253,177.262,1034679.30503499
2025-07-19,177.292,178.598,173.966,176.96,665212.49569286
2025-07-20,176.956,183.639,176.319,181.435,994630.29596031
2025-07-21,181.455,199.264,178.272,195.701,1009769.67773276
2025-07-22,195.737,206.339,193.783,205.684,956977.62548595
2025-07-23,205.702,205.73,184.002,189.398,677867.83469638
2025-07-24,189.374,191.863,179.177,182.856,766976.69375043
2025-07-25,182.861,186.828,175.654,186.746,612577.24504281
2025-07-26,186.743,189.745,184.371,184.84,349797.40536862
2025-07-27,184.858,190.685,184.54,188.65,407945.27246802
2025-07-28,188.64,195.249,182.189,183.09,445536.55315399
2025-07-29,183.106,186.601,178.291,181.473,412652.2365302
2025-07-30,181.473,182.51,170.257,177.75,458045.86076152
2025-07-31,177.75,182.651,171.467,172.251,394022.6666879
2025-08-01,172.232,172.26,159.213,162.707,625792.76649132
2025-08-02,162.707,165.247,155.84,158.49,403397.25445774
2025-08-03,158.481,163.12,156.304,161.946,294311.94287923
2025-08-04,161.975,169.797,161.296,169.562,454521.2038919
2025-08-05,169.639,171.71,161.3,164.053,446679.43040387
2025-08-06,164.078,169.93,161.132,168.111,447078.36847879
2025-08-07,168.108,175.482,166.703,175.349,524658.60555066
2025-08-08,175.349,179.63,173.424,176.783,505213.51353758
2025-08-09,176.782,183.437,176.641,179.951,480538.59639165
2025-08-10,179.951,186.15,177.543,182.67,583120.63810425
2025-08-11,182.671,186.77,173.48,174.88,542829.87379557
2025-08-12,174.86,193.716,173.66,191.74,669449.9995244
2025-08-13,191.75,204.92,191.42,201.51,626004.17961929
2025-08-14,201.52,209.85,186.89,192.49,873113.72138264
2025-08-15,192.48,198.06,183.38,185.75,501733.88136681
2025-08-16,185.75,190.05,185.21,189.61,306527.28225966
2025-08-17,189.62,195.8,187.39,191.02,370240.10155292
2025-08-18,191.02,191.33,180.03,182.9,453401.51566603
2025-08-19,182.93,185.82,175.7,176.24,421300.21500711
2025-08-20,176.23,187.96,176.07,187.93,662394.80469005
2025-08-21,187.94,190.11,179.44,180.35,578630.68979097
2025-08-22,180.33,202.33,177.28,200.63,687396.97013968
2025-08-23,200.64,208.61,195.24,204.13,524352.16131235
2025-08-24,204.12,211.94,201.02,206.0,745883.47338352
2025-08-25,206.0,213.5,185.42,187.2,802191.9727114
2025-08-26,187.21,198.07,185.58,195.85,548979.72034771
2025-08-27,195.84,212.02,193.78,202.97,760189.19543768
2025-08-28,202.96,216.88,201.74,214.38,744552.8621163
2025-08-29,214.42,217.93,199.9,205.1,800870.22418926
2025-08-30,205.12,207.04,197.56,202.73,400065.58865677
2025-08-31,202.73,206.65,200.31,200.68,363924.37542785
2025-09-01,200.64,204.55,194.2,197.31,591793.64197004
2025-09-02,197.32,209.64,196.78,209.6,559850.89508141
2025-09-03,209.6,213.0,207.42,210.76,413098.30323296
2025-09-04,210.76,211.93,201.85,202.35,363850.19649099
2025-09-05,202.33,209.99,201.0,203.39,525339.47313478
2025-09-06,203.4,204.63,199.35,200.18,225827.84896073
2025-09-07,200.18,207.86,200.14,206.37,252808.30053593
2025-09-08,206.33,217.0,205.57,214.08,499187.6486913
2025-09-09,214.09,219.78,210.91,217.19,471850.96424085
2025-09-10,217.22,225.94,215.11,224.06,474475.2992000122
2025-09-11,224.07,228.88,221.74,228.7,433191.12383136
2025-09-12,228.7,244.11,228.07,242.18,557773.6792177
2025-09-13,242.18,244.13,235.8,242.34,316920.91918345
2025-09-14,242.38,249.582,239.25,239.81,405894.55021703
2025-09-15,239.78,244.01,230.18,234.32,427954.96392624
2025-09-16,234.32,240.89,231.18,237.0,315321.96732935
2025-09-17,237.01,246.59,232.33,244.84,479467.4510194
2025-09-18,244.86,253.41,242.61,247.48,397894.46530264
2025-09-19,247.48,248.5,235.16,238.54,284343.90387215
2025-09-20,238.55,241.2,236.92,239.51,137673.34197145
2025-09-21,239.5,241.8,235.34,236.19,143039.74046494
2025-09-22,236.17,236.95,213.29,220.43,530802.43787793
2025-09-23,220.43,221.83,212.36,213.27,362717.44756689
2025-09-24,213.27,216.43,204.88,211.58,381392.23033822
2025-09-25,211.6,212.43,191.31,192.75,620968.45836954
2025-09-26,192.75,205.46,190.85,205.17,415736.40146238
2025-09-27,205.15,205.4,199.9,203.46,194698.83230792
2025-09-28,203.46,210.96,197.97,210.88,237605.87580859
2025-09-29,210.84,214.73,204.63,212.76,312107.32614609
2025-09-30,212.75,213.68,204.29,208.62,323300.84754261
2025-10-01,208.7,222.77,206.33,222.03,398385.02592734
2025-10-02,222.06,235.0,219.54,234.72,444209.80934951
2025-10-03,234.75,236.95,227.14,232.72,417151.84046477
2025-10-04,232.83,234.01,224.17,227.87,217608.70063552
2025-10-05,227.85,237.19,226.5,228.59,300095.38693556
2025-10-06,228.59,237.77,227.55,232.35,360148.8300864
2025-10-07,232.36,235.2,219.7,219.96,400316.07521269
2025-10-08,219.96,229.68,217.33,229.01,314831.10057709
2025-10-09,229.03,229.65,216.58,220.94,362536.91071279
2025-10-10,220.95,224.4,130.0,188.4,1083237.17705941
2025-10-11,188.4,191.75,172.6,177.61,627599.73581665
2025-10-12,177.63,198.95,173.03,197.01,541584.25855691
2025-10-13,197.0,209.28,190.05,208.68,608316.66669129
2025-10-14,208.68,211.27,191.05,202.45,659225.25808709
2025-10-15,202.46,208.92,192.09,193.82,523072.38036924
2025-10-16,193.82,198.34,182.04,184.85,612962.71272193
2025-10-17,184.84,187.53,174.07,182.0,559880.99441763
2025-10-18,182.0,188.28,181.79,187.57,238136.27294975
2025-10-19,187.56,192.24,183.21,187.88,299878.74016759
2025-10-20,187.88,194.54,183.82,189.71,340373.2222374
2025-10-21,189.71,197.71,182.78,185.64,419750.62631492
2025-10-22,185.64,187.44,177.11,180.12,369260.21453297
2025-10-23,180.12,193.47,179.7,191.31,309664.90480874
2025-10-24,191.31,196.7,188.8,193.59,318287.92349573
2025-10-25,193.57,195.22,191.13,193.83,173682.52515993
2025-10-26,193.83,202.39,191.95,200.06,212666.66227675
2025-10-27,200.06,205.29,197.34,198.71,322351.18128788
2025-10-28,198.7,203.96,190.21,194.18,413647.29938812
2025-10-29,194.17,201.68,189.12,193.9,356419.02334137
2025-10-30,193.91,198.19,178.69,184.67,428392.39719998
2025-10-31,184.7,190.27,183.73,187.21,323089.65480187
2025-11-01,187.21,187.53,183.78,186.38,179838.33350501
2025-11-02,186.38,188.33,182.04,187.72,212097.89923806
2025-11-03,187.73,189.07,163.26,166.06,517913.63877357
2025-11-04,166.06,168.4,145.85,155.04,693083.44873364
2025-11-05,155.04,163.98,147.28,162.37,459026.12691453
2025-11-06,162.37,162.91,153.47,155.28,382980.76865476
2025-11-07,155.28,164.46,149.83,161.79,417094.96855198
2025-11-08,161.79,164.89,155.82,158.02,278409.44129215
2025-11-09,158.02,166.6,155.12,164.54,310827.35202818
2025-11-10,164.53,170.47,163.45,167.31,336168.53097614
2025-11-11,167.33,171.93,153.91,154.59,372019.21971437
2025-11-12,154.59,161.14,151.21,153.39,388251.64683518
2025-11-13,153.42,157.22,141.05,144.77,436023.99766496
2025-11-14,144.77,145.67,135.76,138.93,524486.35262308
2025-11-15,138.93,144.66,138.57,139.59,278653.01095334
2025-11-16,139.61,143.38,134.43,137.16,360338.15431594
2025-11-17,137.17,143.25,128.81,130.99,420660.68952096
2025-11-18,131.0,142.12,129.02,140.72,489433.21786906
2025-11-19,140.7,142.82,130.53,137.07,419562.2418888
2025-11-20,137.07,144.78,131.17,133.63,529430.32658884
2025-11-21,133.67,135.06,121.55,128.68,665921.26793106
2025-11-22,128.69,129.93,125.11,127.59,336452.88734426
2025-11-23,127.6,133.54,127.56,130.58,361539.31953483
2025-11-24,130.58,139.85,128.45,138.52,421402.9818115
2025-11-25,138.45,140.49,133.14,138.96,342866.60114133
2025-11-26,138.96,144.71,135.53,143.04,374840.2769629
2025-11-27,143.03,144.27,140.48,140.85,285164.82019228
2025-11-28,140.85,143.6,136.02,137.36,350222.68981219
2025-11-29,137.35,138.06,134.83,135.91,203525.88897123
2025-11-30,135.91,140.16,133.28,133.49,252908.78389532
2025-12-01,133.45,133.73,123.12,126.66,535772.48010863
2025-12-02,126.66,140.86,125.99,138.67,421981.56014638
2025-12-03,138.67,146.07,137.76,144.67,428475.92163774
2025-12-04,144.67,146.89,137.82,139.01,359420.07111994
2025-12-05,139.01,140.74,130.79,133.29,345621.88493492
2025-12-06,133.3,134.11,131.32,132.2,189562.76437614
2025-12-07,132.2,136.36,127.74,132.26,298534.10150974
2025-12-08,132.26,139.34,131.54,133.25,351149.07791161
2025-12-09,133.25,144.9,131.63,137.87,373888.97213649
2025-12-10,137.86,142.58,135.41,136.27,440723.12464298
2025-12-11,136.27,137.78,129.01,136.41,357335.54987915
2025-12-12,136.41,140.11,130.36,132.25,315332.85725503
2025-12-13,132.28,134.28,131.63,133.14,139478.9807832
2025-12-14,133.15,133.65,127.95,129.36,209962.27969149
2025-12-15,129.39,135.41,123.64,127.81,391580.05903521
2025-12-16,127.82,130.12,124.88,129.14,334960.7748788
2025-12-17,129.16,133.97,121.39,123.26,381465.26287442
2025-12-18,123.26,129.02,116.91,119.62,459558.09177432
2025-12-19,119.6,127.86,117.64,126.27,388207.21313406
2025-12-20,126.28,126.88,125.31,125.81,134189.78598641
2025-12-21,125.8,126.63,123.41,126.03,193066.59964369
2025-12-22,126.03,128.76,124.22,125.93,333305.61998245
2025-12-23,125.94,126.92,122.17,123.99,235916.68199435
2025-12-24,124.0,124.3,120.63,122.52,189715.10199352
2025-12-25,122.53,124.45,119.74,120.07,155123.11086233
2025-12-26,120.05,125.11,119.24,122.29,248509.99625705
2025-12-27,122.29,125.06,121.87,124.73,119378.92327841
2025-12-28,124.74,125.6,123.08,125.25,119802.84124189
2025-12-29,125.26,130.11,122.33,123.28,315524.65223476
2025-12-30,123.28,126.5,122.6,125.02,201103.88468345
2025-12-31,125.02,127.42,123.45,124.64,168365.27399679
2026-01-01,124.65,127.24,124.17,126.91,100667.32297028
2026-01-02,126.9,133.24,125.87,132.29,248234.99251347
2026-01-03,132.29,133.97,129.62,133.37,140208.01431427
2026-01-04,133.38,135.53,133.12,134.12,178969.66998049
2026-01-05,134.11,139.85,133.21,137.9,299261.8241988
2026-01-06,137.91,143.46,136.2,141.08,280575.48933714
2026-01-07,141.09,141.38,134.4,136.4,204897.29455285
2026-01-08,136.4,140.04,132.73,138.37,247995.49819459
2026-01-09,138.38,141.15,134.99,135.97,234279.38655072
2026-01-10,135.97,137.03,135.4,135.85,86563.4132253
2026-01-11,135.86,141.57,135.76,139.7,147431.23012218
2026-01-12,139.69,144.36,138.36,139.23,287964.28107826
2026-01-13,139.22,148.8,137.84,145.51,337796.32887524
2026-01-14,145.52,148.44,143.38,146.69,304388.63591875
2026-01-15,146.7,146.72,140.95,142.41,220431.298
2026-01-16,142.42,145.56,140.27,144.89,169197.00463618
2026-01-17,144.9,144.97,143.32,143.75,80562.52457253
2026-01-18,143.73,143.97,137.78,137.86,138654.00512862
2026-01-19,137.86,137.86,130.01,133.46,268463.08086901
2026-01-20,133.46,134.63,124.67,125.8,302275.97753116395
2026-01-21,125.81,132.17,125.26,129.52,245452.53381497
2026-01-22,129.53,130.95,126.74,128.48,181110.08945318
2026-01-23,128.49,130.2,125.28,127.43,185077.70403371
2026-01-24,127.44,128.12,126.65,127.21,64732.52899728
2026-01-25,127.22,127.47,117.21,118.87,272461.94859907
2026-01-26,118.86,125.59,118.55,124.23,255156.16864114
2026-01-27,124.24,127.83,123.14,127.19,229851.8061018
2026-01-28,127.19,128.32,124.8,125.35,210090.17866195
2026-01-29,125.35,125.5,115.43,117.83,275620.2201689
2026-01-30,117.83,119.11,112.02,117.6,345589.40193436
2026-01-31,117.61,118.85,96.45,105.58,595672.397369
2026-02-01,105.58,106.67,98.03,100.77,371026.10275479
2026-02-02,100.79,106.1,95.96,104.52,460141.38315398
2026-02-03,104.54,105.09,96.67,97.88,406237.27537573
2026-02-04,97.89,99.66,89.33,92.13,662315.07825748
2026-02-05,92.11,93.41,77.59,78.35,951178.72148033
2026-02-06,78.35,89.83,67.53,87.46,1097334.29992447
2026-02-07,87.45,89.2,84.18,87.58,630544.72009696
2026-02-08,87.59,89.04,85.77,86.99,401661.81882473
2026-02-09,86.98,88.7,82.88,86.76,448138.48048073
2026-02-10,86.78,87.48,81.91,82.99,364119.19299887
2026-02-11,83.0,84.38,78.0,79.3,510241.13593046
2026-02-12,79.31,82.24,76.6,78.39,426845.23005188
2026-02-13,78.4,85.61,77.54,84.31,408301.75535334
2026-02-14,84.32,88.9,84.21,88.07,317708.56831653754
2026-02-15,88.08,91.24,84.91,86.14,491003.59448174
2026-02-16,86.15,86.92,82.59,86.44,381624.20325582
2026-02-17,86.45,87.68,82.93,85.08,419941.13218313
2026-02-18,85.09,86.08,80.49,81.62,338489.70487022
2026-02-19,81.62,82.66,79.63,82.51,356670.1829027
2026-02-20,82.51,85.47,81.75,84.67,436067.35982889
2026-02-21,84.68,86.72,83.97,85.18,200275.44869193
2026-02-22,85.18,85.59,82.48,82.76,185227.92
2026-02-23,82.8,82.86,77.16,77.91,491781.92621738
2026-02-24,77.91,79.61,75.0,78.98,430742.72626151
2026-02-25,79.01,92.22,78.73,88.04,568808.73060279
2026-02-26,88.03,89.25,84.33,85.91,442477.13251443
2026-02-27,85.91,88.28,80.31,81.84,441281.99502043
2026-02-28,81.84,85.65,77.14,84.34,518845.97323569795
2026-03-01,84.34,88.91,81.7,83.6,518576.47790402
2026-03-02,83.61,90.3,82.38,86.62,569386.5765115327
2026-03-03,86.65,87.44,82.47,86.99,551149.81877518
2026-03-04,86.95,94.04,84.8,90.85,685011.57119831
2026-03-05,90.87,92.95,87.92,88.77,482712.713664246
2026-03-06,88.79,89.3,83.64,84.69,447830.70595838
2026-03-07,84.69,85.07,82.29,83.22,196404.42325347
2026-03-08,83.23,84.13,80.27,81.61,310364.55573391
2026-03-09,81.6,87.05,81.54,84.96,523596.81514651
2026-03-10,84.95,88.79,84.84,85.87,531127.62715431
2026-03-11,85.88,88.09,84.37,86.57,446091.6707909
2026-03-12,86.58,87.69,84.7,86.82,342018.802237444
2026-03-13,86.83,92.97,86.72,88.19,560025.05670991
2026-03-14,88.15,88.7,86.53,88.04,165900.58289593415
2026-03-15,88.05,93.21,87.38,92.3,267097.14008495
2026-03-16,92.31,97.68,91.18,96.18,526733.13862829
2026-03-17,96.19,96.96,93.16,94.61,426447.5498732
2026-03-18,94.61,95.65,88.57,90.08,411726.04150277
2026-03-19,90.08,91.4,86.99,88.88,337463.05427966
2026-03-20,88.9,90.45,88.14,89.83,272221.28225792
2026-03-21,89.85,90.79,89.39,89.78,80180.81268376
